aoi,cache,whittle,V,policy
0,0,9.999696750193834,0.0,1
0,1,-0.00037252530455589294,-9.999999999999995,0
1,0,1.0494037829339504,-9.999999999999995,1
1,1,1.0002304427325726,-9.999999999999995,1
2,0,-1.4778078831732273,-12.799999999999995,1
2,1,2.000088360160589,-9.999999999999995,1
3,0,-3.0394339598715305,-14.699999999999996,1
3,1,2.9977111257612705,-9.999999999999995,1
4,0,-2.2884229458868504,-13.999999999999995,0
4,1,3.9998041950166225,-9.999999999999995,1
5,0,-3.4983851350843906,-14.999999999999995,0
5,1,-0.00037252530455589294,-9.999999999999995,1
6,0,-4.39915132150054,-15.999999999999995,0
6,1,-0.00037252530455589294,-9.999999999999995,1
7,0,-5.299917507916689,-16.999999999999993,0
7,1,-0.00037252530455589294,-9.999999999999995,1
8,0,0.28796206042170525,-24.199999999999996,1
8,1,7.997745763510466,-9.999999999999995,1
9,0,-12.772775117307901,-26.099999999999994,1
9,1,-0.00037252530455589294,-9.999999999999995,1
10,0,-14.971419464796782,-29.899999999999995,0
10,1,9.190571788698435,-9.999999999999995,1
11,0,-8.3918775357306,-29.899999999999995,1
11,1,-0.00037252530455589294,-9.999999999999995,1
12,0,3.099783059209585,-40.61999999999999,1
12,1,-0.00037252530455589294,-9.999999999999995,1
13,0,-36.71572149172425,-51.997,1
13,1,-0.00037252530455589294,-22.999999999999993,0
14,0,-38.55972174927592,-55.436,1
14,1,-0.00037252530455589294,-9.999999999999995,1
15,0,1.90025157853961,-24.999999999999993,0
15,1,28.14987463876605,-9.999999999999995,1
16,0,30.19354845955968,-25.999999999999993,0
16,1,-0.00037252530455589294,-25.999999999999993,0
17,0,32.632099103182554,-55.879999999999995,1
17,1,-0.00037252530455589294,-58.589999999999996,0
18,0,-9.431223135441542,-58.589999999999996,1
18,1,-0.00037252530455589294,-91.0432,0
19,0,16.48089199885726,-46.99999999999999,0
19,1,-0.00037252530455589294,-46.99999999999999,0
20,0,21.1866316460073,-46.99999999999999,1
20,1,-0.00037252530455589294,-113.99565,0
21,0,3.438036035746336,-69.43,0
21,1,-0.00037252530455589294,-69.43,0
22,0,-52.26865295693278,-69.43,1
22,1,-0.00037252530455589294,-72.13999999999999,0
23,0,2.599854100495577,-54.599999999999994,0
23,1,6.331812601536512,-9.999999999999995,1
24,0,24.093819122761488,-54.599999999999994,1
24,1,-0.00037252530455589294,-56.49999999999999,0
25,0,-17.450202841311693,-56.49999999999999,1
25,1,-0.00037252530455589294,-80.27,0
26,0,100.27896915748715,-35.99999999999999,0
26,1,-0.00037252530455589294,-35.99999999999999,0
27,0,29.940231252461672,-81.27,1
27,1,-0.00037252530455589294,-146.79478,0
28,0,131.67763697728515,-103.582,1
28,1,-0.00037252530455589294,-151.48037,0
29,0,-47.57706927135587,-147.79478,1
29,1,-0.00037252530455589294,-248.78523175950002,0
30,0,-2.1729401014745235,-93.82,0
30,1,-0.00037252530455589294,-93.82,0
31,0,-45.75989083573222,-93.82,1
31,1,-0.00037252530455589294,-69.8,0
32,0,-27.65739618614316,-41.99999999999999,0
32,1,-0.00037252530455589294,-9.999999999999995,1
33,0,-35.302360486239195,-97.52999999999999,1
33,1,-0.00037252530455589294,-9.999999999999995,1
34,0,-58.201490957289934,-200.85155,0
34,1,-0.00037252530455589294,-43.99999999999999,0
35,0,-33.64760308340192,-135.072,0
35,1,-0.00037252530455589294,-135.072,0
36,0,218.3300030194223,-135.072,1
36,1,-0.00037252530455589294,-45.99999999999999,0
37,0,34.18552962318063,-136.072,1
37,1,-0.00037252530455589294,-396.68927728188675,0
38,0,0.1583232544362545,-172.9452,0
38,1,0.013783436268568039,-172.9452,0
39,0,14.212212894111872,-172.9452,1
39,1,-0.00037252530455589294,-118.21,0
40,0,245.80895958468318,-173.9452,1
40,1,-0.00037252530455589294,-408.1420831982366,0
41,0,3.2897709645330906,-175.8452,1
41,1,-0.00037252530455589294,-456.15765092311113,0
42,0,150.1399910710752,-178.5552,1
42,1,49.01874219998717,-9.999999999999995,1
43,0,-207.6340564750135,-252.2920345,1
43,1,-0.00037252530455589294,-349.24509665216004,0
44,0,18.421748835593462,-226.44981,0
44,1,-0.00037252530455589294,-9.999999999999995,1
45,0,-114.3350939489901,-226.44981,1
45,1,-0.00037252530455589294,-441.93186258616066,0
46,0,27.83248307928443,-98.3,0
46,1,-0.00037252530455589294,-98.3,0
47,0,395.23705479875207,-98.3,1
47,1,-0.00037252530455589294,-526.0387988257019,0
48,0,13.429909754544497,-232.05981000000003,1
48,1,-0.00037252530455589294,-546.4262026460289,0
49,0,121.15752237662673,-235.49881,1
49,1,-0.00037252530455589294,-589.9999999999997,0
50,0,2.9142654575407505,-367.07478665216007,1
50,1,-0.00037252530455589294,-545.0808039415733,0
51,0,11.17017125710845,-372.2918176521601,1
51,1,0.00037252530455589294,-60.99999999999999,0
52,0,18.985007096081972,-377.98714555216003,1
52,1,-0.00037252530455589294,-463.5227396080668,0
53,0,-98.72628368809819,-384.1129406621601,1
53,1,-0.00037252530455589294,-578.2467340672946,0
54,0,25.420009206980467,-273.30571000000003,0
54,1,-0.00037252530455589294,-273.30571000000003,0
55,0,285.57529079541564,-273.30571000000003,1
55,1,-0.00037252530455589294,-637.3091339064844,0
56,0,15.798425640910864,-274.30571000000003,1
56,1,-0.00037252530455589294,-659.9999999999997,0
57,0,61.1071883328259,-276.20571000000007,1
57,1,-0.00037252530455589294,-518.0523445141491,0
58,0,239.5967276059091,-278.91571,1
58,1,-0.00037252530455589294,-679.9999999999997,0
59,0,-190.11940675601363,-282.35471,1
59,1,-0.00037252530455589294,-548.2439555528342,0
60,0,385.8561225794256,-70.0,0
60,1,-0.00037252530455589294,-70.0,0
61,0,-100.10015701130033,-492.26478850806683,1
61,1,-0.00037252530455589294,-499.02513624869306,0
62,0,44.44115125760436,-379.9309041,0
62,1,-0.00037252530455589294,-379.9309041,0
63,0,134.5185149498284,-379.9309041,1
63,1,-0.00037252530455589294,-729.9999999999997,0
64,0,147.4846307002008,-380.9309041,1
64,1,3.1504465006291866,-739.9999999999997,0
65,0,-126.03462366387248,-382.83090410000005,1
65,1,-0.00037252530455589294,-685.3891811077334,0
66,0,64.31388615444303,-241.68100000000004,0
66,1,-0.00037252530455589294,-241.68100000000004,0
67,0,445.7224291227758,-241.68100000000004,1
67,1,-0.00037252530455589294,-769.9999999999997,0
68,0,225.86842508241534,-242.68100000000004,1
68,1,-0.00037252530455589294,-779.9999999999997,0
69,0,-89.61282463744283,-244.58100000000005,1
69,1,-0.00037252530455589294,-789.9999999999997,0
70,0,599.4554267562926,-143.9,0
70,1,-0.00037252530455589294,-143.9,0
71,0,78.23962708935142,-583.7469811148159,1
71,1,-0.00037252530455589294,-809.9999999999997,0
72,0,6.687201742082834,-587.8420811148159,1
72,1,-0.00037252530455589294,-819.9999999999997,0
73,0,24.417171087116003,-592.5276711148159,1
73,1,-0.00037252530455589294,-664.895901173301,0
74,0,6.389926549047232,-597.7447021148159,1
74,1,-0.00037252530455589294,-839.9999999999997,0
75,0,99.32604942843318,-603.4400300148159,1
75,1,-0.00037252530455589294,-849.9999999999997,0
76,0,6.4845479764044285,-609.565825124816,1
76,1,-0.00037252530455589294,-732.3445126799024,0
77,0,48.8369498513639,-616.0790407238161,1
77,1,-0.00037252530455589294,-87.0,0
78,0,221.2506014071405,-622.940934762916,1
78,1,-0.00037252530455589294,-879.9999999999997,0
79,0,229.09449421986938,-630.116639398106,1
79,1,-0.00037252530455589294,-889.9999999999997,0
80,0,6.866758938878775,-682.7255911733012,1
80,1,-0.00037252530455589294,-895.6177160800747,0
81,0,196.07981162890792,-687.942622173301,1
81,1,-0.00037252530455589294,-776.2656799503739,0
82,0,-121.21340117231011,-772.0663628074,1
82,1,-0.00037252530455589294,-919.9999999999997,0
83,0,196.36144075915217,-636.2732820597599,0
83,1,-0.00037252530455589294,-636.2732820597599,0
84,0,21.398226018995047,-636.2732820597599,1
84,1,-0.00037252530455589294,-939.9999999999997,0
85,0,27.847384091466665,-637.2732820597599,1
85,1,-0.00037252530455589294,-949.9999999999997,0
86,0,207.9067449979484,-639.1732820597599,1
86,1,-0.00037252530455589294,-959.9999999999997,0
87,0,82.39775453880429,-641.88328205976,1
87,1,-0.00037252530455589294,-969.9999999999997,0
88,0,196.46947309747338,-645.32228205976,1
88,1,-0.00037252530455589294,-979.9999999999997,0
89,0,137.33555130288005,-649.41738205976,1
89,1,-0.00037252530455589294,-989.9999999999997,0
90,0,198.36339174583554,-654.1029720597602,1
90,1,-0.00037252530455589294,-999.9999999999997,0
91,0,61.16604733094573,-659.3200030597602,1
91,1,-0.00037252530455589294,-1009.9999999999997,0
92,0,6.582149606198072,-665.0153309597601,1
92,1,-0.00037252530455589294,-1019.9999999999997,0
93,0,293.0198364816606,-671.1411260697602,1
93,1,-0.00037252530455589294,-1029.9999999999995,0
94,0,9.8521767295897,-928.9514542333104,1
94,1,-0.00037252530455589294,-1011.6142165733768,0
95,0,21.36246358975768,-938.7872222006279,1
95,1,-0.00037252530455589294,-1049.9999999999995,0
96,0,9.994481395930052,-959.790457999127,1
96,1,-0.00037252530455589294,-1059.9999999999995,0
97,0,97.65713606402278,-969.7834960130356,1
97,1,-0.00037252530455589294,-1069.9999999999995,0
98,0,10.329754170030355,-979.7772302255534,1
98,1,-0.00037252530455589294,-1079.9999999999995,0
99,0,9.995226446539164,-989.7715910168195,1
99,1,-0.00037252530455589294,-1089.9999999999995,0
100,0,10.068241406232119,-999.766515728959,1
100,1,-0.00037252530455589294,-1099.9999999999995,0
101,0,98.06393369659781,-1009.7619479698844,1
101,1,-0.00037252530455589294,-1109.9999999999995,0
102,0,-321.6826784648001,-1019.7578369867174,1
102,1,-0.00037252530455589294,-1119.9999999999995,0
103,0,427.2451740168035,-661.2212083100001,0
103,1,-0.00037252530455589294,-661.2212083100001,0
104,0,390.62146627530456,-661.2212083100001,1
104,1,-0.00037252530455589294,-1139.9999999999993,0
105,0,251.77979516610503,-662.2212083100001,1
105,1,-0.00037252530455589294,-1149.9999999999993,0
106,0,402.82837545499206,-664.12120831,1
106,1,-0.00037252530455589294,-1092.1741467596544,0
107,0,391.57587610557675,-666.8312083100001,1
107,1,-0.00037252530455589294,-1169.9999999999993,0
108,0,24.414190884679556,-1074.4910090283377,1
108,1,-0.00037252530455589294,-1179.9999999999993,0
109,0,15.044434424489737,-1082.203329782842,1
109,1,-0.00037252530455589294,-1189.9999999999993,0
110,0,24.462619174271822,-1097.7841467596545,1
110,1,-0.00037252530455589294,-1199.9999999999993,0
111,0,4.685995806008577,-1101.2231467596544,1
111,1,-0.00037252530455589294,-1209.9999999999993,0
112,0,99.20535122975707,-1105.3182467596544,1
112,1,-0.00037252530455589294,-1219.9999999999993,0
113,0,26.32301054522395,-1110.0038367596544,1
113,1,-0.00037252530455589294,-1229.9999999999993,0
114,0,6.1261786334216595,-1115.2208677596545,1
114,1,-0.00037252530455589294,-1239.9999999999993,0
115,0,44.280220326036215,-1120.9161956596545,1
115,1,-0.00037252530455589294,-1249.9999999999993,0
116,0,36.621100064367056,-1127.0419907696544,1
116,1,-0.00037252530455589294,-1259.9999999999993,0
117,0,7.656512584537268,-1133.5552063686546,1
117,1,-0.00037252530455589294,-1269.9999999999993,0
118,0,97.79869567975402,-1140.4171004077543,1
118,1,-0.00037252530455589294,-1279.9999999999993,0
119,0,97.69140839204192,-1147.5928050429447,1
119,1,-0.00037252530455589294,-1289.9999999999993,0
120,0,7.945592220872641,-1155.0509392146155,1
120,1,-0.00037252530455589294,-1299.9999999999993,0
121,0,24.509557362645864,-1162.7632599691194,1
121,1,-0.00037252530455589294,-1309.9999999999993,0
122,0,110.05328809842467,-1170.7043486481725,1
122,1,-0.00037252530455589294,-1319.9999999999993,0
123,0,8.686172526329756,-1178.8513284593212,1
123,1,-0.00037252530455589294,-1329.9999999999993,0
124,0,85.47257840260863,-1187.1836102893542,1
124,1,-0.00037252530455589294,-1339.9999999999993,0
125,0,8.784519206732512,-1195.6826639363844,1
125,1,-0.00037252530455589294,-1349.9999999999993,0
126,0,56.79334530606866,-1204.331812218711,1
126,1,-0.00037252530455589294,-1359.9999999999993,0
127,0,11.076294880360365,-1266.3246811290899,1
127,1,-0.00037252530455589294,-1369.9999999999993,0
128,0,-19.84703065082431,-1276.2539846241887,1
128,1,-0.00037252530455589294,-1379.9999999999993,0
129,0,10.12710040435195,-1286.1903577697772,1
129,1,-0.00037252530455589294,-545.5993000000001,0
130,0,75.54403398558497,-1296.133093600807,1
130,1,-0.00037252530455589294,-1399.9999999999993,0
131,0,9.957973916083574,-1306.0815558487334,1
131,1,-0.00037252530455589294,-1409.9999999999993,0
132,0,25.940054532140493,-1316.035171871868,1
132,1,-0.00037252530455589294,-1419.9999999999993,0
133,0,48.89953410252929,-1325.9934262926884,1
133,1,-0.00037252530455589294,-1429.9999999999993,0
134,0,13.530491586774588,-1335.9558552714273,1
134,1,-0.00037252530455589294,-1439.9999999999993,0
135,0,10.001186851412058,-1349.875145871106,1
135,1,-0.00037252530455589294,-1449.9999999999993,0
136,0,10.109219189733267,-1359.8737124599081,1
136,1,-0.00037252530455589294,-1459.9999999999993,0
137,0,24.42015128955245,-1369.87242238983,1
137,1,-0.00037252530455589294,-1469.9999999999993,0
138,0,12.422601331025362,-1379.9999999999993,1
138,1,-0.00037252530455589294,-1479.9999999999993,0
139,0,12.243044134229422,-1389.9999999999993,1
139,1,-0.00037252530455589294,-1489.9999999999993,0
140,0,97.85084922239184,-1399.9999999999993,1
140,1,-0.00037252530455589294,-1499.9999999999993,0
141,0,9.999696750193834,-1409.9999999999993,1
141,1,-0.00037252530455589294,-1509.9999999999993,0
142,0,36.62184511497617,-1419.9999999999993,1
142,1,-0.00037252530455589294,-1519.9999999999993,0
143,0,26.715652216225863,-1429.9999999999993,1
143,1,-0.00037252530455589294,-1529.9999999999993,0
144,0,10.299952145665884,-1439.9999999999993,1
144,1,-0.00037252530455589294,-1539.9999999999993,0
145,0,9.999696750193834,-1449.9999999999993,1
145,1,-0.00037252530455589294,-1549.9999999999993,0
146,0,24.438032504171133,-1459.9999999999989,1
146,1,-0.00037252530455589294,-1559.9999999999993,0
147,0,73.244807805866,-1469.9999999999984,1
147,1,-0.00037252530455589294,-1569.9999999999993,0
148,0,10.299952145665884,-1479.999999999998,1
148,1,-0.00037252530455589294,-1579.9999999999993,0
149,0,9.999696750193834,-1489.9999999999977,1
149,1,-0.00037252530455589294,-1589.9999999999993,0
150,0,9.999696750193834,-1499.9999999999975,1
150,1,-0.00037252530455589294,-1599.9999999999993,0
151,0,15.640474911779165,-1509.9999999999975,1
151,1,-0.00037252530455589294,-1609.9999999999993,0
152,0,25.272489186376333,-1519.9999999999973,1
152,1,-0.00037252530455589294,-1619.9999999999993,0
153,0,9.999696750193834,-1529.999999999997,1
153,1,-0.00037252530455589294,-1629.9999999999993,0
154,0,48.82949934527278,-1539.9999999999968,1
154,1,-0.00037252530455589294,-1639.9999999999993,0
155,0,99.23068295046687,-1549.9999999999966,1
155,1,-0.00037252530455589294,-1649.9999999999993,0
156,0,61.03566347435117,-1559.9999999999966,1
156,1,-0.00037252530455589294,-1659.9999999999993,0
157,0,97.67948758229613,-1569.9999999999964,1
157,1,-0.00037252530455589294,-1669.9999999999993,0
158,0,9.999696750193834,-1579.9999999999964,1
158,1,-0.00037252530455589294,-1679.9999999999993,0
159,0,9.999696750193834,-1589.9999999999961,1
159,1,-0.00037252530455589294,-1689.9999999999993,0
160,0,24.418661188334227,-1599.9999999999961,1
160,1,-0.00037252530455589294,-1699.9999999999993,0
161,0,9.999696750193834,-1609.999999999996,1
161,1,-0.00037252530455589294,-1709.9999999999993,0
162,0,97.65713606402278,-1619.999999999996,1
162,1,-0.00037252530455589294,-1719.9999999999993,0
163,0,97.65564596280456,-1629.999999999996,1
163,1,-0.00037252530455589294,-1729.9999999999993,0
164,0,24.414190884679556,-1639.999999999996,1
164,1,-0.00037252530455589294,-1739.9999999999993,0
165,0,27.480819191783667,-1649.9999999999993,1
165,1,-0.00037252530455589294,-1749.9999999999993,0
166,0,99.1815096102655,-1659.9999999999993,1
166,1,-0.00037252530455589294,-1759.9999999999993,0
167,0,9.999696750193834,-1669.9999999999993,1
167,1,-0.00037252530455589294,-1769.9999999999993,0
168,0,10.121139999479055,-1679.9999999999993,1
168,1,-0.00037252530455589294,-1779.9999999999993,0
169,0,98.04307227954268,-1689.9999999999993,1
169,1,-0.00037252530455589294,-1789.9999999999993,0
170,0,85.52249679341912,-1699.9999999999993,1
170,1,-0.00037252530455589294,-1799.9999999999993,0
171,0,30.529566284269094,-1709.9999999999993,1
171,1,-0.00037252530455589294,-1809.9999999999993,0
172,0,98.03711187466979,-1719.9999999999993,1
172,1,-0.00037252530455589294,-1819.9999999999993,0
173,0,10.493665304034948,-1729.9999999999993,1
173,1,-0.00037252530455589294,-1829.9999999999993,0
174,0,24.46187412366271,-1739.9999999999993,1
174,1,-0.00037252530455589294,-1839.9999999999993,0
175,0,10.109219189733267,-1749.9999999999993,1
175,1,-0.00037252530455589294,-1849.9999999999993,0
176,0,12.207281704992056,-1759.9999999999993,1
176,1,-0.00037252530455589294,-1859.9999999999993,0
177,0,13.065580006688833,-1769.9999999999993,1
177,1,-0.00037252530455589294,-1869.9999999999993,0
178,0,24.414190884679556,-1779.9999999999993,1
178,1,-0.00037252530455589294,-1879.9999999999993,0
179,0,10.010872509330511,-1789.9999999999993,1
179,1,-0.00037252530455589294,-1889.9999999999993,0
180,0,9.999696750193834,-1799.9999999999993,1
180,1,-0.00037252530455589294,-1899.9999999999993,0
181,0,9.999696750193834,-1809.9999999999993,1
181,1,-0.00037252530455589294,-1909.9999999999993,0
182,0,10.002676952630281,-1819.9999999999993,1
182,1,-0.00037252530455589294,-1919.9999999999993,0
183,0,9.999696750193834,-1829.9999999999993,1
183,1,-0.00037252530455589294,-1929.9999999999993,0
184,0,99.1815096102655,-1839.9999999999993,1
184,1,-0.00037252530455589294,-1939.9999999999993,0
185,0,25.940054532140493,-1849.9999999999993,1
185,1,-0.00037252530455589294,-1949.9999999999993,0
186,0,97.65564596280456,-1859.9999999999993,1
186,1,-0.00037252530455589294,-1959.9999999999993,0
187,0,49.60286187753081,-1869.9999999999993,1
187,1,-0.00037252530455589294,-1969.9999999999993,0
188,0,10.693338867276907,-1879.9999999999993,1
188,1,-0.00037252530455589294,-1979.9999999999993,0
189,0,10.305912550538778,-1889.9999999999993,1
189,1,-0.00037252530455589294,-1989.9999999999993,0
190,0,9.999696750193834,-1899.9999999999993,1
190,1,-0.00037252530455589294,-1999.9999999999993,0
191,0,48.89953410252929,-1909.9999999999993,1
191,1,-0.00037252530455589294,-1951.1758456326593,0
192,0,9.999696750193834,-1919.9999999999993,1
192,1,-0.00037252530455589294,-2019.9999999999993,0
193,0,97.75101244077086,-1929.9999999999993,1
193,1,-0.00037252530455589294,-2029.9999999999993,0
194,0,97.65564596280456,-1939.9999999999993,1
194,1,-0.00037252530455589294,-2039.9999999999993,0
195,0,10.299952145665884,-1949.9999999999993,1
195,1,-0.00037252530455589294,-2049.999999999999,0
196,0,97.65564596280456,-1959.9999999999993,1
196,1,-0.00037252530455589294,-2059.999999999999,0
197,0,12.208026755601168,-1964.319945632659,1
197,1,-0.00037252530455589294,-2069.999999999999,0
198,0,98.43049859628081,-1969.005535632659,1
198,1,-0.00037252530455589294,-2079.999999999999,0
199,0,6.1261786334216595,-1974.2225666326592,1
199,1,-0.00037252530455589294,-2089.999999999999,0
200,0,9.537765372544527,-1979.917894532659,1
200,1,-0.00037252530455589294,-2099.999999999999,0
201,0,50.54460584744811,-1986.043689642659,1
201,1,-0.00037252530455589294,-2109.999999999999,0
202,0,7.177445042878389,-1992.5569052416593,1
202,1,-0.00037252530455589294,-2119.999999999999,0
203,0,48.8369498513639,-1999.4187992807592,1
203,1,-0.00037252530455589294,-2129.999999999999,0
204,0,7.713136430829763,-2006.5945039159494,1
204,1,-0.00037252530455589294,-2139.999999999999,0
205,0,100.70737325772643,-2014.0526380876204,1
205,1,-0.00037252530455589294,-2149.999999999999,0
206,0,8.146755885332823,-2021.764958842124,1
206,1,-0.00037252530455589294,-2159.999999999999,0
207,0,8.332273487001657,-2029.7060475211777,1
207,1,-0.00037252530455589294,-2169.999999999999,0
208,0,8.49990987405181,-2037.8530273323256,1
208,1,-0.00037252530455589294,-2179.999999999999,0
209,0,8.648919995874166,-2046.185309162359,1
209,1,-0.00037252530455589294,-2189.999999999999,0
210,0,8.784519206732512,-2054.684362809389,1
210,1,-0.00037252530455589294,-2199.999999999999,0
211,0,8.905962456017733,-2063.333511091716,1
211,1,-0.00037252530455589294,-2209.999999999999,0
212,0,9.015484895557165,-2072.117744545811,1
212,1,-0.00037252530455589294,-2219.999999999999,0
213,0,97.65788111463189,-2081.023554654495,1
213,1,-0.00037252530455589294,-2229.999999999999,0
214,0,18.323402155190706,-2090.038783752312,1
214,1,-0.00037252530455589294,-2239.999999999999,0
215,0,9.282213013619184,-2099.1524899403457,1
215,1,-0.00037252530455589294,-2249.999999999999,0
216,0,9.353737872093916,-2108.3548255095775,1
216,1,-0.00037252530455589294,-2259.999999999999,0
217,0,97.84637891873717,-2117.636927521886,1
217,1,-0.00037252530455589294,-2269.9999999999986,0
218,0,97.75101244077086,-2179.9999999999973,1
218,1,-0.00037252530455589294,-2279.9999999999986,0
219,0,48.82949934527278,-2189.9999999999973,1
219,1,-0.00037252530455589294,-2289.9999999999986,0
220,0,10.683653209358454,-2199.9999999999973,1
220,1,-0.00037252530455589294,-2299.9999999999986,0
221,0,9.999696750193834,-2209.9999999999973,1
221,1,-0.00037252530455589294,-2309.9999999999986,0
222,0,10.00640220567584,-2219.9999999999973,1
222,1,-0.00037252530455589294,-2319.9999999999986,0
223,0,9.999696750193834,-2229.9999999999973,1
223,1,-0.00037252530455589294,-2329.9999999999986,0
224,0,97.65564596280456,-2239.9999999999973,1
224,1,-0.00037252530455589294,-2339.9999999999986,0
225,0,24.414190884679556,-2249.9999999999973,1
225,1,-0.00037252530455589294,-2349.9999999999986,0
226,0,9.999696750193834,-2259.9999999999973,1
226,1,-0.00037252530455589294,-2359.9999999999986,0
227,0,97.65564596280456,-2269.9999999999973,1
227,1,-0.00037252530455589294,-2369.9999999999986,0
228,0,10.31485315784812,-2279.9999999999986,1
228,1,-0.00037252530455589294,-2379.9999999999986,0
229,0,9.999696750193834,-2289.9999999999986,1
229,1,-0.00037252530455589294,-2389.9999999999986,0
230,0,10.311872955411673,-2299.9999999999986,1
230,1,-0.00037252530455589294,-2399.9999999999986,0
231,0,13.354659643024206,-2309.9999999999986,1
231,1,-0.00037252530455589294,-2409.9999999999986,0
232,0,9.999696750193834,-2319.9999999999986,1
232,1,-0.00037252530455589294,-2419.9999999999986,0
233,0,10.684398259967566,-2329.9999999999986,1
233,1,-0.00037252530455589294,-2429.9999999999986,0
234,0,10.015342812985182,-2339.9999999999986,1
234,1,-0.00037252530455589294,-2439.9999999999986,0
235,0,9.999696750193834,-2349.9999999999986,1
235,1,-0.00037252530455589294,-2449.9999999999986,0
236,0,9.999696750193834,-2359.9999999999986,1
236,1,-0.00037252530455589294,-2459.9999999999986,0
237,0,10.681418057531118,-2369.9999999999986,1
237,1,-0.00037252530455589294,-2469.9999999999986,0
238,0,97.66160636767745,-2379.9999999999986,1
238,1,-0.00037252530455589294,-2479.9999999999986,0
239,0,9.999696750193834,-2389.9999999999986,1
239,1,-0.00037252530455589294,-2489.9999999999986,0
240,0,9.999696750193834,-2399.9999999999986,1
240,1,-0.00037252530455589294,-2499.9999999999986,0
241,0,10.00193190202117,-2409.9999999999986,1
241,1,-0.00037252530455589294,-2509.9999999999986,0
242,0,10.299952145665884,-2419.9999999999986,1
242,1,-0.00037252530455589294,-2519.9999999999986,0
243,0,97.66756677255034,-2429.9999999999986,1
243,1,-0.00037252530455589294,-2529.9999999999986,0
244,0,48.828009244054556,-2439.9999999999986,1
244,1,-0.00037252530455589294,-2539.9999999999986,0
245,0,9.999696750193834,-2449.9999999999986,1
245,1,-0.00037252530455589294,-2549.9999999999986,0
246,0,12.25496494397521,-2459.9999999999986,1
246,1,-0.00037252530455589294,-2559.9999999999986,0
247,0,10.300697196274996,-2469.9999999999986,1
247,1,-0.00037252530455589294,-2569.9999999999986,0
248,0,61.034918423742056,-2479.9999999999986,1
248,1,-0.00037252530455589294,-2579.9999999999986,0
249,0,9.999696750193834,-2489.9999999999986,1
249,1,-0.00037252530455589294,-2589.9999999999986,0
250,0,9.999696750193834,-2499.9999999999986,1
250,1,-0.00037252530455589294,-2599.9999999999986,0
251,0,10.000441800802946,-2509.9999999999986,1
251,1,-0.00037252530455589294,-2609.9999999999986,0
252,0,12.207281704992056,-2519.9999999999986,1
252,1,-0.00037252530455589294,-2619.9999999999986,0
253,0,9.999696750193834,-2529.9999999999986,1
253,1,-0.00037252530455589294,-2629.9999999999986,0
254,0,9.999696750193834,-2539.9999999999986,1
254,1,-0.00037252530455589294,-2639.9999999999986,0
255,0,9.999696750193834,-2549.9999999999986,1
255,1,-0.00037252530455589294,-2649.9999999999986,0
256,0,9.999696750193834,-2559.9999999999986,1
256,1,-0.00037252530455589294,-2659.9999999999986,0
257,0,9.999696750193834,-2569.9999999999986,1
257,1,-0.00037252530455589294,-2669.9999999999986,0
258,0,97.65564596280456,-2579.9999999999986,1
258,1,-0.00037252530455589294,-2679.9999999999986,0
259,0,9.999696750193834,-2589.9999999999986,1
259,1,-0.00037252530455589294,-2689.9999999999986,0
260,0,12.302648182958364,-2599.9999999999986,1
260,1,-0.00037252530455589294,-2699.9999999999986,0
261,0,9.999696750193834,-2609.9999999999986,1
261,1,-0.00037252530455589294,-2709.9999999999986,0
262,0,9.999696750193834,-2619.9999999999986,1
262,1,-0.00037252530455589294,-2719.9999999999986,0
263,0,9.999696750193834,-2629.9999999999986,1
263,1,-0.00037252530455589294,-2729.9999999999986,0
264,0,9.999696750193834,-2639.9999999999986,1
264,1,-0.00037252530455589294,-2739.9999999999986,0
265,0,9.999696750193834,-2649.9999999999986,1
265,1,-0.00037252530455589294,-2749.9999999999986,0
266,0,61.0378986261785,-2659.9999999999986,1
266,1,-0.00037252530455589294,-2759.9999999999986,0
267,0,97.65564596280456,-2669.9999999999986,1
267,1,-0.00037252530455589294,-2769.9999999999986,0
268,0,12.210261907428503,-2679.9999999999986,1
268,1,-0.00037252530455589294,-2779.9999999999986,0
269,0,98.03711187466979,-2689.9999999999986,1
269,1,-0.00037252530455589294,-2789.9999999999986,0
270,0,9.999696750193834,-2699.9999999999986,1
270,1,-0.00037252530455589294,-2799.9999999999986,0
271,0,97.65564596280456,-2709.9999999999986,1
271,1,-0.00037252530455589294,-2809.9999999999986,0
272,0,48.830989446491,-2719.9999999999986,1
272,1,-0.00037252530455589294,-2819.9999999999986,0
273,0,9.999696750193834,-2729.9999999999986,1
273,1,-0.00037252530455589294,-2829.9999999999986,0
274,0,97.65564596280456,-2739.9999999999986,1
274,1,-0.00037252530455589294,-2839.9999999999986,0
275,0,9.999696750193834,-2749.9999999999986,1
275,1,-0.00037252530455589294,-2849.9999999999986,0
276,0,10.002676952630281,-2759.9999999999986,1
276,1,-0.00037252530455589294,-2859.9999999999986,0
277,0,9.999696750193834,-2769.9999999999986,1
277,1,-0.00037252530455589294,-2869.9999999999986,0
278,0,9.999696750193834,-2779.9999999999986,1
278,1,-0.00037252530455589294,-2879.9999999999986,0
279,0,9.999696750193834,-2789.9999999999986,1
279,1,-0.00037252530455589294,-2889.9999999999986,0
280,0,9.999696750193834,-2799.9999999999986,1
280,1,-0.00037252530455589294,-2899.9999999999986,0
281,0,10.681418057531118,-2809.9999999999986,1
281,1,-0.00037252530455589294,-2909.9999999999986,0
282,0,10.007892306894064,-2819.9999999999986,1
282,1,-0.00037252530455589294,-2919.9999999999986,0
283,0,97.67948758229613,-2829.9999999999986,1
283,1,-0.00037252530455589294,-2929.9999999999986,0
284,0,73.43256055936217,-2839.9999999999986,1
284,1,-0.00037252530455589294,-2939.9999999999986,0
285,0,9.999696750193834,-2849.9999999999986,1
285,1,-0.00037252530455589294,-2949.9999999999986,0
286,0,9.999696750193834,-2859.9999999999986,1
286,1,-0.00037252530455589294,-2959.9999999999986,0
287,0,9.999696750193834,-2869.9999999999986,1
287,1,-0.00037252530455589294,-2969.9999999999986,0
288,0,12.207281704992056,-2879.9999999999986,1
288,1,-0.00037252530455589294,-2979.9999999999986,0
289,0,97.65564596280456,-2889.9999999999986,1
289,1,-0.00037252530455589294,-2989.9999999999986,0
290,0,10.681418057531118,-2899.9999999999986,1
290,1,-0.00037252530455589294,-2999.9999999999986,0
291,0,12.207281704992056,-2909.9999999999986,1
291,1,-0.00037252530455589294,-3009.9999999999986,0
292,0,9.999696750193834,-2919.9999999999986,1
292,1,-0.00037252530455589294,-3019.9999999999986,0
293,0,9.999696750193834,-2929.9999999999986,1
293,1,-0.00037252530455589294,-3029.9999999999986,0
294,0,9.999696750193834,-2939.9999999999986,1
294,1,-0.00037252530455589294,-3039.9999999999986,0
295,0,10.115179594606161,-2949.9999999999986,1
295,1,-0.00037252530455589294,-3049.9999999999986,0
296,0,10.396063674241304,-2959.9999999999986,1
296,1,-0.00037252530455589294,-3059.9999999999986,0
297,0,10.00193190202117,-2969.9999999999986,1
297,1,-0.00037252530455589294,-3069.9999999999986,0
298,0,10.013852711766958,-2979.9999999999986,1
298,1,-0.00037252530455589294,-3079.9999999999986,0
299,0,9.999696750193834,-2989.9999999999986,1
299,1,-0.00037252530455589294,-3089.9999999999986,0
300,0,10.299952145665884,-2999.9999999999986,1
300,1,-0.00037252530455589294,-3099.9999999999986,0
301,0,9.999696750193834,-3009.9999999999986,1
301,1,-0.00037252530455589294,-3109.9999999999986,0
302,0,9.999696750193834,-3019.9999999999986,1
302,1,-0.00037252530455589294,-3119.9999999999986,0
303,0,97.65564596280456,-3029.9999999999986,1
303,1,-0.00037252530455589294,-3129.9999999999986,0
304,0,9.999696750193834,-3039.9999999999986,1
304,1,-0.00037252530455589294,-3139.9999999999986,0
305,0,9.999696750193834,-3049.9999999999986,1
305,1,-0.00037252530455589294,-3149.9999999999986,0
306,0,10.013852711766958,-3059.9999999999986,1
306,1,-0.00037252530455589294,-3159.9999999999986,0
307,0,24.414190884679556,-3069.9999999999986,1
307,1,-0.00037252530455589294,-3169.9999999999986,0
308,0,9.999696750193834,-3079.9999999999986,1
308,1,-0.00037252530455589294,-3179.9999999999986,0
309,0,10.299952145665884,-3089.9999999999986,1
309,1,-0.00037252530455589294,-3189.9999999999986,0
310,0,48.828009244054556,-3099.9999999999986,1
310,1,-0.00037252530455589294,-3199.9999999999986,0
311,0,97.65564596280456,-3109.9999999999986,1
311,1,-0.00037252530455589294,-3209.9999999999986,0
312,0,61.034918423742056,-3119.9999999999986,1
312,1,-0.00037252530455589294,-3219.9999999999986,0
313,0,73.24182760342956,-3129.9999999999986,1
313,1,-0.00037252530455589294,-3229.9999999999986,0
314,0,9.999696750193834,-3139.9999999999986,1
314,1,-0.00037252530455589294,-3239.9999999999986,0
315,0,12.207281704992056,-3149.9999999999986,1
315,1,-0.00037252530455589294,-3249.9999999999986,0
316,0,10.884071823209524,-3159.9999999999986,1
316,1,-0.00037252530455589294,-3259.9999999999986,0
317,0,10.001186851412058,-3169.9999999999986,1
317,1,-0.00037252530455589294,-3269.9999999999986,0
318,0,9.999696750193834,-3179.9999999999986,1
318,1,-0.00037252530455589294,-3279.9999999999986,0
319,0,9.999696750193834,-3189.9999999999986,1
319,1,-0.00037252530455589294,-3289.9999999999986,0
320,0,24.426111694425344,-3199.9999999999986,1
320,1,-0.00037252530455589294,-3299.9999999999986,0
321,0,9.999696750193834,-3209.9999999999986,1
321,1,-0.00037252530455589294,-3309.9999999999986,0
322,0,12.20877180621028,-3219.9999999999986,1
322,1,-0.00037252530455589294,-3319.9999999999986,0
323,0,9.999696750193834,-3229.9999999999986,1
323,1,-0.00037252530455589294,-3329.9999999999986,0
324,0,9.999696750193834,-3239.9999999999986,1
324,1,-0.00037252530455589294,-3339.9999999999986,0
325,0,9.999696750193834,-3249.9999999999986,1
325,1,-0.00037252530455589294,-3349.9999999999986,0
326,0,97.65564596280456,-3259.9999999999986,1
326,1,-0.00037252530455589294,-3359.9999999999986,0
327,0,10.395318623632193,-3269.9999999999986,1
327,1,-0.00037252530455589294,-3369.9999999999986,0
328,0,9.999696750193834,-3279.9999999999986,1
328,1,-0.00037252530455589294,-3379.9999999999986,0
329,0,9.999696750193834,-3289.9999999999986,1
329,1,-0.00037252530455589294,-3389.9999999999986,0
330,0,9.999696750193834,-3299.9999999999986,1
330,1,-0.00037252530455589294,-3399.9999999999986,0
331,0,9.999696750193834,-3309.9999999999986,1
331,1,-0.00037252530455589294,-3409.9999999999986,0
332,0,73.33719408139586,-3319.9999999999986,1
332,1,-0.00037252530455589294,-3419.9999999999986,0
333,0,12.593217920511961,-3329.9999999999986,1
333,1,-0.00037252530455589294,-3429.9999999999986,0
334,0,10.109219189733267,-3339.9999999999986,1
334,1,-0.00037252530455589294,-3439.9999999999986,0
335,0,9.999696750193834,-3349.9999999999986,1
335,1,-0.00037252530455589294,-3449.9999999999986,0
336,0,10.681418057531118,-3359.9999999999986,1
336,1,-0.00037252530455589294,-3459.9999999999986,0
337,0,9.999696750193834,-3369.9999999999986,1
337,1,-0.00037252530455589294,-3469.9999999999986,0
338,0,9.999696750193834,-3379.9999999999986,1
338,1,-0.00037252530455589294,-3479.9999999999986,0
339,0,9.999696750193834,-3389.9999999999986,1
339,1,-0.00037252530455589294,-3489.9999999999986,0
340,0,9.999696750193834,-3399.9999999999986,1
340,1,-0.00037252530455589294,-3499.9999999999986,0
341,0,10.69482896849513,-3409.9999999999986,1
341,1,-0.00037252530455589294,-3509.9999999999986,0
342,0,9.999696750193834,-3419.9999999999986,1
342,1,-0.00037252530455589294,-3519.9999999999986,0
343,0,9.999696750193834,-3429.9999999999986,1
343,1,-0.00037252530455589294,-3529.9999999999986,0
344,0,97.65564596280456,-3439.9999999999986,1
344,1,-0.00037252530455589294,-3539.9999999999986,0
345,0,9.999696750193834,-3449.9999999999986,1
345,1,-0.00037252530455589294,-3549.9999999999986,0
346,0,9.999696750193834,-3459.9999999999986,1
346,1,-0.00037252530455589294,-3559.9999999999986,0
347,0,9.999696750193834,-3469.9999999999986,1
347,1,-0.00037252530455589294,-3569.9999999999986,0
348,0,10.00193190202117,-3479.9999999999986,1
348,1,-0.00037252530455589294,-3579.9999999999986,0
349,0,24.414190884679556,-3489.9999999999986,1
349,1,-0.00037252530455589294,-3589.9999999999986,0
350,0,9.999696750193834,-3499.9999999999986,1
350,1,-0.00037252530455589294,-3599.9999999999986,0
351,0,9.999696750193834,-3509.9999999999986,1
351,1,-0.00037252530455589294,-3609.9999999999986,0
352,0,9.999696750193834,-3519.9999999999986,1
352,1,-0.00037252530455589294,-3619.9999999999986,0
353,0,24.414190884679556,-3529.9999999999986,1
353,1,-0.00037252530455589294,-3629.9999999999986,0
354,0,9.999696750193834,-3539.9999999999986,1
354,1,-0.00037252530455589294,-3639.9999999999986,0
355,0,24.414190884679556,-3549.9999999999986,1
355,1,-0.00037252530455589294,-3649.9999999999986,0
356,0,9.999696750193834,-3559.9999999999986,1
356,1,-0.00037252530455589294,-3659.9999999999986,0
357,0,10.109219189733267,-3569.9999999999986,1
357,1,-0.00037252530455589294,-3669.9999999999986,0
358,0,24.414190884679556,-3579.9999999999986,1
358,1,-0.00037252530455589294,-3679.9999999999986,0
359,0,11.062883969396353,-3589.9999999999986,1
359,1,-0.00037252530455589294,-3689.9999999999986,0
360,0,9.999696750193834,-3599.9999999999986,1
360,1,-0.00037252530455589294,-3699.9999999999986,0
361,0,9.999696750193834,-3609.9999999999986,1
361,1,-0.00037252530455589294,-3709.9999999999986,0
362,0,12.25496494397521,-3619.9999999999986,1
362,1,-0.00037252530455589294,-3719.9999999999986,0
363,0,10.000441800802946,-3629.9999999999986,1
363,1,-0.00037252530455589294,-3729.9999999999986,0
364,0,9.999696750193834,-3639.9999999999986,1
364,1,-0.00037252530455589294,-3739.9999999999986,0
365,0,97.658626165241,-3649.9999999999986,1
365,1,-0.00037252530455589294,-3749.9999999999986,0
366,0,10.681418057531118,-3659.9999999999986,1
366,1,-0.00037252530455589294,-3759.9999999999986,0
367,0,10.013852711766958,-3669.9999999999986,1
367,1,-0.00037252530455589294,-3769.9999999999986,0
368,0,10.000441800802946,-3679.9999999999986,1
368,1,-0.00037252530455589294,-3779.9999999999986,0
369,0,10.109219189733267,-3689.9999999999986,1
369,1,-0.00037252530455589294,-3789.9999999999986,0
370,0,9.999696750193834,-3699.9999999999986,1
370,1,-0.00037252530455589294,-3799.9999999999986,0
371,0,10.311872955411673,-3709.9999999999986,1
371,1,-0.00037252530455589294,-3809.9999999999986,0
372,0,9.999696750193834,-3719.9999999999986,1
372,1,-0.00037252530455589294,-3819.9999999999986,0
373,0,12.25496494397521,-3729.9999999999986,1
373,1,-0.00037252530455589294,-3829.9999999999986,0
374,0,9.999696750193834,-3739.9999999999986,1
374,1,-0.00037252530455589294,-3839.9999999999986,0
375,0,9.999696750193834,-3749.9999999999986,1
375,1,-0.00037252530455589294,-3849.9999999999986,0
376,0,97.65564596280456,-3759.9999999999986,1
376,1,-0.00037252530455589294,-3859.9999999999986,0
377,0,24.414190884679556,-3769.9999999999986,1
377,1,-0.00037252530455589294,-3869.9999999999986,0
378,0,9.999696750193834,-3779.9999999999986,1
378,1,-0.00037252530455589294,-3879.9999999999986,0
379,0,10.681418057531118,-3789.9999999999986,1
379,1,-0.00037252530455589294,-3889.9999999999986,0
380,0,9.999696750193834,-3799.9999999999986,1
380,1,-0.00037252530455589294,-3899.9999999999986,0
381,0,48.828009244054556,-3809.9999999999986,1
381,1,-0.00037252530455589294,-3909.9999999999986,0
382,0,9.999696750193834,-3819.9999999999986,1
382,1,-0.00037252530455589294,-3919.9999999999986,0
383,0,10.00193190202117,-3829.9999999999986,1
383,1,-0.00037252530455589294,-3929.9999999999986,0
384,0,9.999696750193834,-3839.9999999999986,1
384,1,-0.00037252530455589294,-3939.9999999999986,0
385,0,11.062883969396353,-3849.9999999999986,1
385,1,-0.00037252530455589294,-3949.9999999999986,0
386,0,9.999696750193834,-3859.9999999999986,1
386,1,-0.00037252530455589294,-3959.9999999999986,0
387,0,9.999696750193834,-3869.9999999999986,1
387,1,-0.00037252530455589294,-3969.9999999999986,0
388,0,10.019813116639853,-3879.9999999999986,1
388,1,-0.00037252530455589294,-3979.9999999999986,0
389,0,9.999696750193834,-3889.9999999999986,1
389,1,-0.00037252530455589294,-3989.9999999999986,0
390,0,10.013852711766958,-3899.9999999999986,1
390,1,-0.00037252530455589294,-3999.9999999999986,0
391,0,9.999696750193834,-3909.9999999999986,1
391,1,-0.00037252530455589294,-4009.9999999999986,0
392,0,10.299952145665884,-3919.9999999999986,1
392,1,-0.00037252530455589294,-4019.9999999999986,0
393,0,9.999696750193834,-3929.9999999999986,1
393,1,-0.00037252530455589294,-4029.9999999999986,0
394,0,9.999696750193834,-3939.9999999999986,1
394,1,-0.00037252530455589294,-4039.9999999999986,0
395,0,24.414190884679556,-3949.9999999999986,1
395,1,-0.00037252530455589294,-4049.9999999999986,0
396,0,9.999696750193834,-3959.9999999999986,1
396,1,-0.00037252530455589294,-4059.9999999999986,0
397,0,9.999696750193834,-3969.9999999999986,1
397,1,-0.00037252530455589294,-4069.9999999999986,0
398,0,9.999696750193834,-3979.9999999999986,1
398,1,-0.00037252530455589294,-4079.9999999999986,0
399,0,9.999696750193834,-3989.9999999999986,1
399,1,-0.00037252530455589294,-4089.9999999999986,0
400,0,9.999696750193834,-3999.9999999999986,1
400,1,-0.00037252530455589294,-4099.999999999998,0
401,0,9.999696750193834,-4009.9999999999986,1
401,1,-0.00037252530455589294,-4109.999999999998,0
402,0,9.999696750193834,-4019.9999999999986,1
402,1,-0.00037252530455589294,-4119.999999999998,0
403,0,10.00193190202117,-4029.9999999999986,1
403,1,-0.00037252530455589294,-4129.999999999998,0
404,0,9.999696750193834,-4039.9999999999986,1
404,1,-0.00037252530455589294,-4139.999999999998,0
405,0,10.681418057531118,-4049.9999999999986,1
405,1,-0.00037252530455589294,-4149.999999999998,0
406,0,9.999696750193834,-4059.9999999999986,1
406,1,-0.00037252530455589294,-4159.999999999998,0
407,0,9.999696750193834,-4069.9999999999986,1
407,1,-0.00037252530455589294,-4169.999999999998,0
408,0,9.999696750193834,-4079.9999999999986,1
408,1,-0.00037252530455589294,-4179.999999999998,0
409,0,36.621100064367056,-4089.9999999999986,1
409,1,-0.00037252530455589294,-4189.999999999998,0
410,0,10.000441800802946,-4099.9999999999945,1
410,1,-0.00037252530455589294,-4199.999999999998,0
411,0,13.733145352452993,-4109.9999999999945,1
411,1,-0.00037252530455589294,-4209.999999999998,0
412,0,97.65564596280456,-4119.9999999999945,1
412,1,-0.00037252530455589294,-4219.999999999998,0
413,0,9.999696750193834,-4129.9999999999945,1
413,1,-0.00037252530455589294,-4229.999999999998,0
414,0,10.0227933190763,-4139.9999999999945,1
414,1,-0.00037252530455589294,-4239.999999999998,0
415,0,9.999696750193834,-4149.9999999999945,1
415,1,-0.00037252530455589294,-4249.999999999998,0
416,0,9.999696750193834,-4159.9999999999945,1
416,1,-0.00037252530455589294,-4259.999999999998,0
417,0,24.414190884679556,-4169.9999999999945,1
417,1,-0.00037252530455589294,-4269.999999999998,0
418,0,24.414190884679556,-4179.9999999999945,1
418,1,-0.00037252530455589294,-4279.999999999998,0
419,0,9.999696750193834,-4189.9999999999945,1
419,1,-0.00037252530455589294,-4289.999999999998,0
420,0,10.00193190202117,-4199.9999999999945,1
420,1,-0.00037252530455589294,-4299.999999999998,0
421,0,97.66756677255034,-4209.9999999999945,1
421,1,-0.00037252530455589294,-4309.999999999998,0
422,0,10.004912104457617,-4219.9999999999945,1
422,1,-0.00037252530455589294,-4319.999999999998,0
423,0,97.65564596280456,-4229.9999999999945,1
423,1,-0.00037252530455589294,-4329.999999999998,0
424,0,9.999696750193834,-4239.9999999999945,1
424,1,-0.00037252530455589294,-4339.999999999998,0
425,0,10.000441800802946,-4249.9999999999945,1
425,1,-0.00037252530455589294,-4349.999999999998,0
426,0,10.013852711766958,-4259.9999999999945,1
426,1,-0.00037252530455589294,-4359.999999999998,0
427,0,9.999696750193834,-4269.9999999999945,1
427,1,-0.00037252530455589294,-4369.999999999998,0
428,0,9.999696750193834,-4279.9999999999945,1
428,1,-0.00037252530455589294,-4379.999999999998,0
429,0,97.66160636767745,-4289.9999999999945,1
429,1,-0.00037252530455589294,-4389.999999999998,0
430,0,10.681418057531118,-4299.9999999999945,1
430,1,-0.00037252530455589294,-4399.999999999998,0
431,0,48.828009244054556,-4309.9999999999945,1
431,1,-0.00037252530455589294,-4409.999999999998,0
432,0,9.999696750193834,-4319.9999999999945,1
432,1,-0.00037252530455589294,-4419.999999999998,0
433,0,9.999696750193834,-4329.9999999999945,1
433,1,-0.00037252530455589294,-4429.999999999998,0
434,0,9.999696750193834,-4339.9999999999945,1
434,1,-0.00037252530455589294,-4439.999999999998,0
435,0,36.621100064367056,-4349.9999999999945,1
435,1,-0.00037252530455589294,-4449.999999999998,0
436,0,9.999696750193834,-4359.9999999999945,1
436,1,-0.00037252530455589294,-4459.999999999998,0
437,0,9.999696750193834,-4369.9999999999945,1
437,1,-0.00037252530455589294,-4469.999999999998,0
438,0,9.999696750193834,-4379.9999999999945,1
438,1,-0.00037252530455589294,-4479.999999999998,0
439,0,24.414190884679556,-4389.9999999999945,1
439,1,-0.00037252530455589294,-4489.999999999998,0
440,0,9.999696750193834,-4399.9999999999945,1
440,1,-0.00037252530455589294,-4499.999999999998,0
441,0,99.1822546608746,-4409.9999999999945,1
441,1,-0.00037252530455589294,-4509.999999999998,0
442,0,10.013852711766958,-4419.9999999999945,1
442,1,-0.00037252530455589294,-4519.999999999998,0
443,0,9.999696750193834,-4429.9999999999945,1
443,1,-0.00037252530455589294,-4529.999999999998,0
444,0,9.999696750193834,-4439.9999999999945,1
444,1,-0.00037252530455589294,-4539.999999999998,0
445,0,48.85185086354613,-4449.9999999999945,1
445,1,-0.00037252530455589294,-4549.999999999997,0
446,0,48.828009244054556,-4459.9999999999945,1
446,1,-0.00037252530455589294,-4559.999999999997,0
447,0,9.999696750193834,-4469.9999999999945,1
447,1,-0.00037252530455589294,-4569.999999999997,0
448,0,97.75101244077086,-4479.9999999999945,1
448,1,-0.00037252530455589294,-4579.999999999997,0
449,0,10.299952145665884,-4489.9999999999945,1
449,1,-0.00037252530455589294,-4589.999999999997,0
450,0,9.999696750193834,-4499.9999999999945,1
450,1,-0.00037252530455589294,-4599.999999999997,0
451,0,9.999696750193834,-4509.9999999999945,1
451,1,-0.00037252530455589294,-4609.999999999997,0
452,0,9.999696750193834,-4519.9999999999945,1
452,1,-0.00037252530455589294,-4619.999999999997,0
453,0,9.999696750193834,-4529.9999999999945,1
453,1,-0.00037252530455589294,-4629.999999999997,0
454,0,9.999696750193834,-4539.9999999999945,1
454,1,-0.00037252530455589294,-4639.999999999997,0
455,0,10.00193190202117,-4549.9999999999945,1
455,1,-0.00037252530455589294,-4649.999999999997,0
456,0,74.7676912508905,-4559.999999999997,1
456,1,-0.00037252530455589294,-4659.999999999997,0
457,0,9.999696750193834,-4569.999999999997,1
457,1,-0.00037252530455589294,-4669.999999999997,0
458,0,9.999696750193834,-4579.999999999997,1
458,1,-0.00037252530455589294,-4679.999999999997,0
459,0,10.109219189733267,-4589.999999999997,1
459,1,-0.00037252530455589294,-4689.999999999997,0
460,0,9.999696750193834,-4599.999999999997,1
460,1,-0.00037252530455589294,-4699.999999999997,0
461,0,9.999696750193834,-4609.999999999997,1
461,1,-0.00037252530455589294,-4709.999999999997,0
462,0,9.999696750193834,-4619.999999999997,1
462,1,-0.00037252530455589294,-4719.999999999997,0
463,0,10.015342812985182,-4629.999999999997,1
463,1,-0.00037252530455589294,-4729.999999999997,0
464,0,9.999696750193834,-4639.999999999997,1
464,1,-0.00037252530455589294,-4739.999999999997,0
465,0,9.999696750193834,-4649.999999999997,1
465,1,-0.00037252530455589294,-4749.999999999997,0
466,0,9.999696750193834,-4659.999999999997,1
466,1,-0.00037252530455589294,-4759.999999999997,0
467,0,9.999696750193834,-4669.999999999997,1
467,1,-0.00037252530455589294,-4769.999999999997,0
468,0,9.999696750193834,-4679.999999999997,1
468,1,-0.00037252530455589294,-4779.999999999997,0
469,0,9.999696750193834,-4689.999999999997,1
469,1,-0.00037252530455589294,-4789.999999999997,0
470,0,97.84637891873717,-4699.999999999997,1
470,1,-0.00037252530455589294,-4799.999999999997,0
471,0,10.681418057531118,-4709.999999999997,1
471,1,-0.00037252530455589294,-4809.999999999997,0
472,0,9.999696750193834,-4719.999999999997,1
472,1,-0.00037252530455589294,-4819.999999999997,0
473,0,12.207281704992056,-4729.999999999997,1
473,1,-0.00037252530455589294,-4829.999999999997,0
474,0,9.999696750193834,-4739.999999999997,1
474,1,-0.00037252530455589294,-4839.999999999997,0
475,0,9.999696750193834,-4749.999999999997,1
475,1,-0.00037252530455589294,-4849.999999999997,0
476,0,10.013852711766958,-4759.999999999997,1
476,1,-0.00037252530455589294,-4859.999999999997,0
477,0,10.000441800802946,-4769.999999999997,1
477,1,-0.00037252530455589294,-4869.999999999997,0
478,0,99.1815096102655,-4779.999999999997,1
478,1,-0.00037252530455589294,-4879.999999999997,0
479,0,9.999696750193834,-4789.999999999997,1
479,1,-0.00037252530455589294,-4889.999999999997,0
480,0,9.999696750193834,-4799.999999999997,1
480,1,-0.00037252530455589294,-4899.999999999997,0
481,0,48.839930053800344,-4809.999999999997,1
481,1,-0.00037252530455589294,-4909.999999999997,0
482,0,10.121139999479055,-4819.999999999997,1
482,1,-0.00037252530455589294,-4919.999999999997,0
483,0,24.414190884679556,-4829.999999999997,1
483,1,-0.00037252530455589294,-4929.999999999997,0
484,0,9.999696750193834,-4839.999999999997,1
484,1,-0.00037252530455589294,-4939.999999999997,0
485,0,9.999696750193834,-4849.999999999997,1
485,1,-0.00037252530455589294,-4949.999999999997,0
486,0,9.999696750193834,-4859.999999999997,1
486,1,-0.00037252530455589294,-4959.999999999997,0
487,0,10.109219189733267,-4869.999999999997,1
487,1,-0.00037252530455589294,-4969.999999999997,0
488,0,9.999696750193834,-4879.999999999997,1
488,1,-0.00037252530455589294,-4979.999999999997,0
489,0,9.999696750193834,-4889.999999999997,1
489,1,-0.00037252530455589294,-4989.999999999997,0
490,0,48.828009244054556,-4899.999999999997,1
490,1,-0.00037252530455589294,-4999.999999999997,0
491,0,9.999696750193834,-4909.999999999997,1
491,1,-0.00037252530455589294,-5009.999999999997,0
492,0,10.682908158749342,-4919.999999999997,1
492,1,-0.00037252530455589294,-5019.999999999997,0
493,0,9.999696750193834,-4929.999999999997,1
493,1,-0.00037252530455589294,-5029.999999999997,0
494,0,12.207281704992056,-4939.999999999997,1
494,1,-0.00037252530455589294,-5039.999999999997,0
495,0,9.999696750193834,-4949.999999999997,1
495,1,-0.00037252530455589294,-5049.999999999997,0
496,0,9.999696750193834,-4959.999999999997,1
496,1,-0.00037252530455589294,-5059.999999999997,0
497,0,9.999696750193834,-4969.999999999997,1
497,1,-0.00037252530455589294,-5069.999999999997,0
498,0,9.999696750193834,-4979.999999999997,1
498,1,-0.00037252530455589294,-5079.999999999997,0
499,0,9.999696750193834,-4989.999999999997,1
499,1,-0.00037252530455589294,-5089.999999999997,0
500,0,9.999696750193834,-4999.999999999997,1
500,1,-0.00037252530455589294,-5099.999999999997,0
501,0,9.999696750193834,-5009.999999999997,1
501,1,-0.00037252530455589294,-5109.999999999997,0
502,0,10.299952145665884,-5019.999999999997,1
502,1,-0.00037252530455589294,-5119.999999999997,0
503,0,9.999696750193834,-5029.999999999997,1
503,1,-0.00037252530455589294,-5129.999999999997,0
504,0,9.999696750193834,-5039.999999999997,1
504,1,-0.00037252530455589294,-5139.999999999997,0
505,0,10.013852711766958,-5049.999999999997,1
505,1,-0.00037252530455589294,-5149.999999999997,0
506,0,12.207281704992056,-5059.999999999997,1
506,1,-0.00037252530455589294,-5159.999999999997,0
507,0,9.999696750193834,-5069.999999999997,1
507,1,-0.00037252530455589294,-5169.999999999997,0
508,0,10.00193190202117,-5079.999999999997,1
508,1,-0.00037252530455589294,-5179.999999999997,0
509,0,10.00193190202117,-5089.999999999997,1
509,1,-0.00037252530455589294,-5189.999999999997,0
510,0,9.999696750193834,-5099.999999999997,1
510,1,-0.00037252530455589294,-5199.999999999997,0
511,0,9.999696750193834,-5109.999999999997,1
511,1,-0.00037252530455589294,-5209.999999999997,0
512,0,10.00193190202117,-5119.999999999997,1
512,1,-0.00037252530455589294,-5219.999999999997,0
513,0,9.999696750193834,-5129.999999999997,1
513,1,-0.00037252530455589294,-5229.999999999997,0
514,0,9.999696750193834,-5139.999999999997,1
514,1,-0.00037252530455589294,-5239.999999999997,0
515,0,9.999696750193834,-5149.999999999997,1
515,1,-0.00037252530455589294,-5249.999999999997,0
516,0,9.999696750193834,-5159.999999999997,1
516,1,-0.00037252530455589294,-5259.999999999997,0
517,0,9.999696750193834,-5169.999999999997,1
517,1,-0.00037252530455589294,-5269.999999999997,0
518,0,10.299952145665884,-5179.999999999997,1
518,1,-0.00037252530455589294,-5279.999999999997,0
519,0,9.999696750193834,-5189.999999999997,1
519,1,-0.00037252530455589294,-5289.999999999997,0
520,0,10.109219189733267,-5199.999999999997,1
520,1,-0.00037252530455589294,-5299.999999999997,0
521,0,9.999696750193834,-5209.999999999997,1
521,1,-0.00037252530455589294,-5309.999999999997,0
522,0,10.109219189733267,-5219.999999999997,1
522,1,-0.00037252530455589294,-5319.999999999997,0
523,0,9.999696750193834,-5229.999999999997,1
523,1,-0.00037252530455589294,-5329.999999999997,0
524,0,10.000441800802946,-5239.999999999997,1
524,1,-0.00037252530455589294,-5339.999999999997,0
525,0,9.999696750193834,-5249.999999999997,1
525,1,-0.00037252530455589294,-5349.999999999997,0
526,0,9.999696750193834,-5259.999999999997,1
526,1,-0.00037252530455589294,-5359.999999999997,0
527,0,9.999696750193834,-5269.999999999997,1
527,1,-0.00037252530455589294,-5369.999999999997,0
528,0,10.013852711766958,-5279.999999999997,1
528,1,-0.00037252530455589294,-5379.999999999997,0
529,0,9.999696750193834,-5289.999999999997,1
529,1,-0.00037252530455589294,-5389.999999999997,0
530,0,9.999696750193834,-5299.999999999997,1
530,1,-0.00037252530455589294,-5399.999999999997,0
531,0,12.207281704992056,-5309.999999999997,1
531,1,-0.00037252530455589294,-5409.999999999997,0
532,0,12.207281704992056,-5319.999999999997,1
532,1,-0.00037252530455589294,-5419.999999999997,0
533,0,9.999696750193834,-5329.999999999997,1
533,1,-0.00037252530455589294,-5429.999999999997,0
534,0,9.999696750193834,-5339.999999999997,1
534,1,-0.00037252530455589294,-5439.999999999997,0
535,0,9.999696750193834,-5349.999999999997,1
535,1,-0.00037252530455589294,-5449.999999999997,0
536,0,9.999696750193834,-5359.999999999997,1
536,1,-0.00037252530455589294,-5459.999999999997,0
537,0,9.999696750193834,-5369.999999999997,1
537,1,-0.00037252530455589294,-5469.999999999997,0
538,0,10.682908158749342,-5379.999999999997,1
538,1,-0.00037252530455589294,-5479.999999999997,0
539,0,48.828009244054556,-5389.999999999997,1
539,1,-0.00037252530455589294,-5489.999999999997,0
540,0,10.000441800802946,-5399.999999999997,1
540,1,-0.00037252530455589294,-5499.999999999997,0
541,0,24.414190884679556,-5409.999999999997,1
541,1,-0.00037252530455589294,-5509.999999999997,0
542,0,12.207281704992056,-5419.999999999997,1
542,1,-0.00037252530455589294,-5519.999999999997,0
543,0,9.999696750193834,-5429.999999999997,1
543,1,-0.00037252530455589294,-5529.999999999997,0
544,0,9.999696750193834,-5439.999999999997,1
544,1,-0.00037252530455589294,-5539.999999999997,0
545,0,9.999696750193834,-5449.999999999997,1
545,1,-0.00037252530455589294,-5549.999999999997,0
546,0,9.999696750193834,-5459.999999999997,1
546,1,-0.00037252530455589294,-5559.999999999997,0
547,0,12.207281704992056,-5469.999999999997,1
547,1,-0.00037252530455589294,-5569.999999999997,0
548,0,10.299952145665884,-5479.999999999997,1
548,1,-0.00037252530455589294,-5579.999999999997,0
549,0,9.999696750193834,-5489.999999999997,1
549,1,-0.00037252530455589294,-5589.999999999997,0
550,0,9.999696750193834,-5499.999999999997,1
550,1,-0.00037252530455589294,-5599.999999999997,0
551,0,9.999696750193834,-5509.999999999997,1
551,1,-0.00037252530455589294,-5609.999999999997,0
552,0,9.999696750193834,-5519.999999999997,1
552,1,-0.00037252530455589294,-5619.999999999997,0
553,0,10.00193190202117,-5529.999999999997,1
553,1,-0.00037252530455589294,-5629.999999999997,0
554,0,9.999696750193834,-5539.999999999997,1
554,1,-0.00037252530455589294,-5639.999999999997,0
555,0,9.999696750193834,-5549.999999999997,1
555,1,-0.00037252530455589294,-5649.999999999997,0
556,0,10.681418057531118,-5559.999999999997,1
556,1,-0.00037252530455589294,-5659.999999999997,0
557,0,9.999696750193834,-5569.999999999997,1
557,1,-0.00037252530455589294,-5669.999999999997,0
558,0,9.999696750193834,-5579.999999999997,1
558,1,-0.00037252530455589294,-5679.999999999997,0
559,0,9.999696750193834,-5589.999999999997,1
559,1,-0.00037252530455589294,-5689.999999999997,0
560,0,10.00193190202117,-5599.999999999997,1
560,1,-0.00037252530455589294,-5699.999999999997,0
561,0,9.999696750193834,-5609.999999999997,1
561,1,-0.00037252530455589294,-5709.999999999997,0
562,0,9.999696750193834,-5619.999999999997,1
562,1,-0.00037252530455589294,-5719.999999999997,0
563,0,9.999696750193834,-5629.999999999997,1
563,1,-0.00037252530455589294,-5729.999999999997,0
564,0,10.109219189733267,-5639.999999999997,1
564,1,-0.00037252530455589294,-5739.999999999997,0
565,0,9.999696750193834,-5649.999999999997,1
565,1,-0.00037252530455589294,-5749.999999999997,0
566,0,9.999696750193834,-5659.999999999997,1
566,1,-0.00037252530455589294,-5759.999999999997,0
567,0,9.999696750193834,-5669.999999999997,1
567,1,-0.00037252530455589294,-5769.999999999997,0
568,0,9.999696750193834,-5679.999999999997,1
568,1,-0.00037252530455589294,-5779.999999999997,0
569,0,9.999696750193834,-5689.999999999997,1
569,1,-0.00037252530455589294,-5789.999999999997,0
570,0,48.828009244054556,-5699.999999999997,1
570,1,-0.00037252530455589294,-5799.999999999997,0
571,0,9.999696750193834,-5709.999999999997,1
571,1,-0.00037252530455589294,-5809.999999999997,0
572,0,9.999696750193834,-5719.999999999997,1
572,1,-0.00037252530455589294,-5819.999999999997,0
573,0,9.999696750193834,-5729.999999999997,1
573,1,-0.00037252530455589294,-5829.999999999997,0
574,0,9.999696750193834,-5739.999999999997,1
574,1,-0.00037252530455589294,-5839.999999999997,0
575,0,24.414190884679556,-5749.999999999997,1
575,1,-0.00037252530455589294,-5849.999999999997,0
576,0,12.207281704992056,-5759.999999999997,1
576,1,-0.00037252530455589294,-5859.999999999997,0
577,0,9.999696750193834,-5769.999999999997,1
577,1,-0.00037252530455589294,-5869.999999999997,0
578,0,97.65564596280456,-5779.999999999997,1
578,1,-0.00037252530455589294,-5879.999999999997,0
579,0,9.999696750193834,-5789.999999999997,1
579,1,-0.00037252530455589294,-5889.999999999997,0
580,0,97.65564596280456,-5799.999999999997,1
580,1,-0.00037252530455589294,-5899.999999999997,0
581,0,9.999696750193834,-5809.999999999997,1
581,1,-0.00037252530455589294,-5909.999999999997,0
582,0,9.999696750193834,-5819.999999999997,1
582,1,-0.00037252530455589294,-5919.999999999997,0
583,0,9.999696750193834,-5829.999999999997,1
583,1,-0.00037252530455589294,-5929.999999999997,0
584,0,9.999696750193834,-5839.999999999997,1
584,1,-0.00037252530455589294,-5939.999999999997,0
585,0,48.828009244054556,-5849.999999999997,1
585,1,-0.00037252530455589294,-5949.999999999997,0
586,0,10.156902428716421,-5859.999999999997,1
586,1,-0.00037252530455589294,-5959.999999999997,0
587,0,9.999696750193834,-5869.999999999997,1
587,1,-0.00037252530455589294,-5969.999999999997,0
588,0,9.999696750193834,-5879.999999999997,1
588,1,-0.00037252530455589294,-5979.999999999997,0
589,0,9.999696750193834,-5889.999999999997,1
589,1,-0.00037252530455589294,-5989.999999999997,0
590,0,9.999696750193834,-5899.999999999997,1
590,1,-0.00037252530455589294,-5999.999999999997,0
591,0,9.999696750193834,-5909.999999999997,1
591,1,-0.00037252530455589294,-6009.999999999997,0
592,0,10.002676952630281,-5919.999999999997,1
592,1,-0.00037252530455589294,-6019.999999999997,0
593,0,9.999696750193834,-5929.999999999997,1
593,1,-0.00037252530455589294,-6029.999999999997,0
594,0,9.999696750193834,-5939.999999999997,1
594,1,-0.00037252530455589294,-6039.999999999997,0
595,0,12.207281704992056,-5949.999999999997,1
595,1,-0.00037252530455589294,-6049.999999999997,0
596,0,10.299952145665884,-5959.999999999997,1
596,1,-0.00037252530455589294,-6059.999999999997,0
597,0,9.999696750193834,-5969.999999999997,1
597,1,-0.00037252530455589294,-6069.999999999997,0
598,0,9.999696750193834,-5979.999999999997,1
598,1,-0.00037252530455589294,-6079.999999999997,0
599,0,9.999696750193834,-5989.999999999997,1
599,1,-0.00037252530455589294,-6089.999999999997,0
600,0,9.999696750193834,-5999.999999999997,1
600,1,-0.00037252530455589294,-6099.999999999997,0
601,0,9.999696750193834,-6009.999999999997,1
601,1,-0.00037252530455589294,-6109.999999999997,0
602,0,9.999696750193834,-6019.999999999997,1
602,1,-0.00037252530455589294,-6119.999999999997,0
603,0,48.85781126841903,-6029.999999999997,1
603,1,-0.00037252530455589294,-6129.999999999997,0
604,0,9.999696750193834,-6039.999999999997,1
604,1,-0.00037252530455589294,-6139.999999999997,0
605,0,10.000441800802946,-6049.999999999997,1
605,1,-0.00037252530455589294,-6149.999999999997,0
606,0,9.999696750193834,-6059.999999999997,1
606,1,-0.00037252530455589294,-6159.999999999997,0
607,0,9.999696750193834,-6069.999999999997,1
607,1,-0.00037252530455589294,-6169.999999999997,0
608,0,9.999696750193834,-6079.999999999997,1
608,1,-0.00037252530455589294,-6179.999999999997,0
609,0,9.999696750193834,-6089.999999999997,1
609,1,-0.00037252530455589294,-6189.999999999997,0
610,0,9.999696750193834,-6099.999999999997,1
610,1,-0.00037252530455589294,-6199.999999999997,0
611,0,9.999696750193834,-6109.999999999997,1
611,1,-0.00037252530455589294,-6209.999999999997,0
612,0,9.999696750193834,-6119.999999999997,1
612,1,-0.00037252530455589294,-6219.999999999997,0
613,0,9.999696750193834,-6129.999999999997,1
613,1,-0.00037252530455589294,-6229.999999999997,0
614,0,10.109219189733267,-6139.999999999997,1
614,1,-0.00037252530455589294,-6239.999999999997,0
615,0,9.999696750193834,-6149.999999999997,1
615,1,-0.00037252530455589294,-6249.999999999997,0
616,0,9.999696750193834,-6159.999999999997,1
616,1,-0.00037252530455589294,-6259.999999999997,0
617,0,9.999696750193834,-6169.999999999997,1
617,1,-0.00037252530455589294,-6269.999999999997,0
618,0,10.299952145665884,-6179.999999999997,1
618,1,-0.00037252530455589294,-6279.999999999997,0
619,0,10.121139999479055,-6189.999999999997,1
619,1,-0.00037252530455589294,-6289.999999999997,0
620,0,9.999696750193834,-6199.999999999997,1
620,1,-0.00037252530455589294,-6299.999999999997,0
621,0,9.999696750193834,-6209.999999999997,1
621,1,-0.00037252530455589294,-6309.999999999997,0
622,0,9.999696750193834,-6219.999999999997,1
622,1,-0.00037252530455589294,-6319.999999999997,0
623,0,9.999696750193834,-6229.999999999997,1
623,1,-0.00037252530455589294,-6329.999999999997,0
624,0,48.828009244054556,-6239.999999999997,1
624,1,-0.00037252530455589294,-6339.999999999997,0
625,0,9.999696750193834,-6249.999999999997,1
625,1,-0.00037252530455589294,-6349.999999999997,0
626,0,12.207281704992056,-6259.999999999997,1
626,1,-0.00037252530455589294,-6359.999999999997,0
627,0,9.999696750193834,-6269.999999999997,1
627,1,-0.00037252530455589294,-6369.999999999997,0
628,0,9.999696750193834,-6279.999999999997,1
628,1,-0.00037252530455589294,-6379.999999999997,0
629,0,15.259008999913931,-6289.999999999997,1
629,1,-0.00037252530455589294,-6389.999999999997,0
630,0,9.999696750193834,-6299.999999999997,1
630,1,-0.00037252530455589294,-6399.999999999997,0
631,0,97.65564596280456,-6309.999999999997,1
631,1,-0.00037252530455589294,-6409.999999999997,0
632,0,9.999696750193834,-6319.999999999997,1
632,1,-0.00037252530455589294,-6419.999999999997,0
633,0,97.65564596280456,-6329.999999999997,1
633,1,-0.00037252530455589294,-6429.999999999997,0
634,0,9.999696750193834,-6339.999999999997,1
634,1,-0.00037252530455589294,-6439.999999999997,0
635,0,9.999696750193834,-6349.999999999997,1
635,1,-0.00037252530455589294,-6449.999999999997,0
636,0,9.999696750193834,-6359.999999999997,1
636,1,-0.00037252530455589294,-6459.999999999997,0
637,0,9.999696750193834,-6369.999999999997,1
637,1,-0.00037252530455589294,-6469.999999999997,0
638,0,9.999696750193834,-6379.999999999997,1
638,1,-0.00037252530455589294,-6479.999999999997,0
639,0,9.999696750193834,-6389.999999999997,1
639,1,-0.00037252530455589294,-6489.999999999997,0
640,0,10.109219189733267,-6399.999999999997,1
640,1,-0.00037252530455589294,-6499.999999999997,0
641,0,9.999696750193834,-6409.999999999997,1
641,1,-0.00037252530455589294,-6509.999999999997,0
642,0,10.109219189733267,-6419.999999999997,1
642,1,-0.00037252530455589294,-6519.999999999997,0
643,0,9.999696750193834,-6429.999999999997,1
643,1,-0.00037252530455589294,-6529.999999999997,0
644,0,9.999696750193834,-6439.999999999997,1
644,1,-0.00037252530455589294,-6539.999999999997,0
645,0,9.999696750193834,-6449.999999999997,1
645,1,-0.00037252530455589294,-6549.999999999997,0
646,0,97.65564596280456,-6459.999999999997,1
646,1,-0.00037252530455589294,-6559.999999999997,0
647,0,10.681418057531118,-6469.999999999997,1
647,1,-0.00037252530455589294,-6569.999999999997,0
648,0,9.999696750193834,-6479.999999999997,1
648,1,-0.00037252530455589294,-6579.999999999997,0
649,0,9.999696750193834,-6489.999999999997,1
649,1,-0.00037252530455589294,-6589.999999999997,0
650,0,9.999696750193834,-6499.999999999997,1
650,1,-0.00037252530455589294,-6599.999999999997,0
651,0,9.999696750193834,-6509.999999999997,1
651,1,-0.00037252530455589294,-6609.999999999997,0
652,0,48.828009244054556,-6519.999999999997,1
652,1,-0.00037252530455589294,-6619.999999999997,0
653,0,9.999696750193834,-6529.999999999997,1
653,1,-0.00037252530455589294,-6629.999999999997,0
654,0,10.300697196274996,-6539.999999999997,1
654,1,-0.00037252530455589294,-6639.999999999997,0
655,0,9.999696750193834,-6549.999999999997,1
655,1,-0.00037252530455589294,-6649.999999999997,0
656,0,9.999696750193834,-6559.999999999997,1
656,1,-0.00037252530455589294,-6659.999999999997,0
657,0,10.109219189733267,-6569.999999999997,1
657,1,-0.00037252530455589294,-6669.999999999997,0
658,0,10.000441800802946,-6579.999999999997,1
658,1,-0.00037252530455589294,-6679.999999999997,0
659,0,9.999696750193834,-6589.999999999997,1
659,1,-0.00037252530455589294,-6689.999999999997,0
660,0,9.999696750193834,-6599.999999999997,1
660,1,-0.00037252530455589294,-6699.999999999997,0
661,0,9.999696750193834,-6609.999999999997,1
661,1,-0.00037252530455589294,-6709.999999999997,0
662,0,9.999696750193834,-6619.999999999997,1
662,1,-0.00037252530455589294,-6719.999999999997,0
663,0,10.109219189733267,-6629.999999999997,1
663,1,-0.00037252530455589294,-6729.999999999997,0
664,0,9.999696750193834,-6639.999999999997,1
664,1,-0.00037252530455589294,-6739.999999999997,0
665,0,48.828009244054556,-6649.999999999997,1
665,1,-0.00037252530455589294,-6749.999999999997,0
666,0,9.999696750193834,-6659.999999999997,1
666,1,-0.00037252530455589294,-6759.999999999997,0
667,0,9.999696750193834,-6669.999999999997,1
667,1,-0.00037252530455589294,-6769.999999999997,0
668,0,48.828009244054556,-6679.999999999997,1
668,1,-0.00037252530455589294,-6779.999999999997,0
669,0,9.999696750193834,-6689.999999999997,1
669,1,-0.00037252530455589294,-6789.999999999997,0
670,0,48.839930053800344,-6699.999999999997,1
670,1,-0.00037252530455589294,-6799.999999999997,0
671,0,48.82875429466367,-6709.999999999997,1
671,1,-0.00037252530455589294,-6809.999999999997,0
672,0,9.999696750193834,-6719.999999999997,1
672,1,-0.00037252530455589294,-6819.999999999997,0
673,0,97.65564596280456,-6729.999999999997,1
673,1,-0.00037252530455589294,-6829.999999999997,0
674,0,9.999696750193834,-6739.999999999997,1
674,1,-0.00037252530455589294,-6839.999999999997,0
675,0,25.177122708410025,-6749.999999999997,1
675,1,-0.00037252530455589294,-6849.999999999997,0
676,0,10.000441800802946,-6759.999999999997,1
676,1,-0.00037252530455589294,-6859.999999999997,0
677,0,24.414190884679556,-6769.999999999997,1
677,1,-0.00037252530455589294,-6869.999999999997,0
678,0,9.999696750193834,-6779.999999999997,1
678,1,-0.00037252530455589294,-6879.999999999997,0
679,0,9.999696750193834,-6789.999999999997,1
679,1,-0.00037252530455589294,-6889.999999999997,0
680,0,10.299952145665884,-6799.999999999997,1
680,1,-0.00037252530455589294,-6899.999999999997,0
681,0,9.999696750193834,-6809.999999999997,1
681,1,-0.00037252530455589294,-6909.999999999997,0
682,0,9.999696750193834,-6819.999999999997,1
682,1,-0.00037252530455589294,-6919.999999999997,0
683,0,9.999696750193834,-6829.999999999997,1
683,1,-0.00037252530455589294,-6929.999999999997,0
684,0,10.872151013463736,-6839.999999999997,1
684,1,-0.00037252530455589294,-6939.999999999997,0
685,0,12.207281704992056,-6849.999999999997,1
685,1,-0.00037252530455589294,-6949.999999999997,0
686,0,9.999696750193834,-6859.999999999997,1
686,1,-0.00037252530455589294,-6959.999999999997,0
687,0,9.999696750193834,-6869.999999999997,1
687,1,-0.00037252530455589294,-6969.999999999997,0
688,0,10.000441800802946,-6879.999999999997,1
688,1,-0.00037252530455589294,-6979.999999999997,0
689,0,9.999696750193834,-6889.999999999997,1
689,1,-0.00037252530455589294,-6989.999999999997,0
690,0,10.00193190202117,-6899.999999999997,1
690,1,-0.00037252530455589294,-6999.999999999997,0
691,0,10.729101296514273,-6909.999999999997,1
691,1,-0.00037252530455589294,-7009.999999999997,0
692,0,9.999696750193834,-6919.999999999997,1
692,1,-0.00037252530455589294,-7019.999999999997,0
693,0,24.414190884679556,-6929.999999999997,1
693,1,-0.00037252530455589294,-7029.999999999997,0
694,0,10.681418057531118,-6939.999999999997,1
694,1,-0.00037252530455589294,-7039.999999999997,0
695,0,9.999696750193834,-6949.999999999997,1
695,1,-0.00037252530455589294,-7049.999999999997,0
696,0,12.207281704992056,-6959.999999999997,1
696,1,-0.00037252530455589294,-7059.999999999997,0
697,0,9.999696750193834,-6969.999999999997,1
697,1,-0.00037252530455589294,-7069.999999999997,0
698,0,9.999696750193834,-6979.999999999997,1
698,1,-0.00037252530455589294,-7079.999999999997,0
699,0,9.999696750193834,-6989.999999999997,1
699,1,-0.00037252530455589294,-7089.999999999997,0
700,0,9.999696750193834,-6999.999999999997,1
700,1,-0.00037252530455589294,-7099.999999999997,0
701,0,48.82949934527278,-7009.999999999997,1
701,1,-0.00037252530455589294,-7109.999999999997,0
702,0,9.999696750193834,-7019.999999999997,1
702,1,-0.00037252530455589294,-7119.999999999997,0
703,0,9.999696750193834,-7029.999999999997,1
703,1,-0.00037252530455589294,-7129.999999999997,0
704,0,9.999696750193834,-7039.999999999997,1
704,1,-0.00037252530455589294,-7139.999999999997,0
705,0,9.999696750193834,-7049.999999999997,1
705,1,-0.00037252530455589294,-7149.999999999997,0
706,0,10.013852711766958,-7059.999999999997,1
706,1,-0.00037252530455589294,-7159.999999999997,0
707,0,15.259008999913931,-7069.999999999997,1
707,1,-0.00037252530455589294,-7169.999999999997,0
708,0,9.999696750193834,-7079.999999999997,1
708,1,-0.00037252530455589294,-7179.999999999997,0
709,0,9.999696750193834,-7089.999999999997,1
709,1,-0.00037252530455589294,-7189.999999999996,0
710,0,9.999696750193834,-7099.999999999997,1
710,1,-0.00037252530455589294,-7199.999999999995,0
711,0,9.999696750193834,-7109.999999999997,1
711,1,-0.00037252530455589294,-7209.9999999999945,0
712,0,9.999696750193834,-7119.999999999997,1
712,1,-0.00037252530455589294,-7219.999999999994,0
713,0,9.999696750193834,-7129.999999999997,1
713,1,-0.00037252530455589294,-7229.999999999993,0
714,0,9.999696750193834,-7139.999999999997,1
714,1,-0.00037252530455589294,-7239.999999999992,0
715,0,9.999696750193834,-7149.999999999997,1
715,1,-0.00037252530455589294,-7249.999999999991,0
716,0,9.999696750193834,-7159.999999999997,1
716,1,-0.00037252530455589294,-7259.99999999999,0
717,0,9.999696750193834,-7169.999999999997,1
717,1,-0.00037252530455589294,-7269.999999999989,0
718,0,9.999696750193834,-7179.999999999997,1
718,1,-0.00037252530455589294,-7279.999999999987,0
719,0,9.999696750193834,-7189.999999999997,1
719,1,-0.00037252530455589294,-7289.999999999985,0
720,0,9.999696750193834,-7199.999999999997,1
720,1,-0.00037252530455589294,-7299.999999999984,0
721,0,9.999696750193834,-7209.999999999997,1
721,1,-0.00037252530455589294,-7309.999999999982,0
722,0,9.999696750193834,-7219.999999999997,1
722,1,-0.00037252530455589294,-7319.99999999998,0
723,0,9.999696750193834,-7229.999999999997,1
723,1,-0.00037252530455589294,-7329.999999999977,0
724,0,9.999696750193834,-7239.999999999997,1
724,1,-0.00037252530455589294,-7339.9999999999745,0
725,0,10.299952145665884,-7249.999999999997,1
725,1,-0.00037252530455589294,-7349.999999999972,0
726,0,9.999696750193834,-7259.999999999997,1
726,1,-0.00037252530455589294,-7359.999999999968,0
727,0,9.999696750193834,-7269.999999999997,1
727,1,-0.00037252530455589294,-7369.9999999999645,0
728,0,10.00193190202117,-7279.999999999997,1
728,1,-0.00037252530455589294,-7379.999999999961,0
729,0,10.00193190202117,-7289.999999999997,1
729,1,-0.00037252530455589294,-7389.999999999956,0
730,0,9.999696750193834,-7299.999999999997,1
730,1,-0.00037252530455589294,-7399.999999999952,0
731,0,9.999696750193834,-7309.999999999997,1
731,1,-0.00037252530455589294,-7409.999999999946,0
732,0,9.999696750193834,-7319.999999999997,1
732,1,-0.00037252530455589294,-7419.99999999994,0
733,0,10.013852711766958,-7329.999999999997,1
733,1,-0.00037252530455589294,-7429.999999999934,0
734,0,49.590941067785025,-7339.999999999997,1
734,1,-0.00037252530455589294,-7439.999999999926,0
735,0,9.999696750193834,-7349.999999999997,1
735,1,-0.00037252530455589294,-7449.999999999918,0
736,0,9.999696750193834,-7359.999999999997,1
736,1,-0.00037252530455589294,-7459.999999999909,0
737,0,9.999696750193834,-7369.999999999997,1
737,1,-0.00037252530455589294,-7469.999999999899,0
738,0,9.999696750193834,-7379.999999999997,1
738,1,-0.00037252530455589294,-7479.999999999887,0
739,0,9.999696750193834,-7389.999999999997,1
739,1,-0.00037252530455589294,-7489.9999999998745,0
740,0,9.999696750193834,-7399.999999999997,1
740,1,-0.00037252530455589294,-7499.99999999986,0
741,0,9.999696750193834,-7409.999999999997,1
741,1,-0.00037252530455589294,-7509.9999999998445,0
742,0,9.999696750193834,-7419.999999999997,1
742,1,-0.00037252530455589294,-7519.999999999827,0
743,0,9.999696750193834,-7429.999999999997,1
743,1,-0.00037252530455589294,-7529.999999999808,0
744,0,9.999696750193834,-7439.999999999997,1
744,1,-0.00037252530455589294,-7539.999999999786,0
745,0,24.414190884679556,-7449.999999999997,1
745,1,-0.00037252530455589294,-7549.999999999763,0
746,0,9.999696750193834,-7459.999999999997,1
746,1,-0.00037252530455589294,-7559.999999999736,0
747,0,10.015342812985182,-7469.999999999997,1
747,1,-0.00037252530455589294,-7569.999999999707,0
748,0,10.000441800802946,-7479.999999999997,1
748,1,-0.00037252530455589294,-7579.999999999674,0
749,0,24.414190884679556,-7489.999999999997,1
749,1,-0.00037252530455589294,-7589.999999999638,0
750,0,9.999696750193834,-7499.999999999997,1
750,1,-0.00037252530455589294,-7599.999999999598,0
751,0,9.999696750193834,-7509.999999999997,1
751,1,-0.00037252530455589294,-7609.999999999553,0
752,0,9.999696750193834,-7519.999999999997,1
752,1,-0.00037252530455589294,-7619.999999999503,0
753,0,12.207281704992056,-7529.999999999997,1
753,1,-0.00037252530455589294,-7629.999999999448,0
754,0,10.013852711766958,-7539.999999999997,1
754,1,-0.00037252530455589294,-7639.999999999386,0
755,0,9.999696750193834,-7549.999999999997,1
755,1,-0.00037252530455589294,-7649.999999999318,0
756,0,9.999696750193834,-7559.999999999997,1
756,1,-0.00037252530455589294,-7659.9999999992415,0
757,0,10.11070929095149,-7569.999999999997,1
757,1,-0.00037252530455589294,-7669.999999999157,0
758,0,9.999696750193834,-7579.999999999997,1
758,1,-0.00037252530455589294,-7679.999999999063,0
759,0,9.999696750193834,-7589.999999999997,1
759,1,-0.00037252530455589294,-7689.999999998959,0
760,0,9.999696750193834,-7599.999999999997,1
760,1,-0.00037252530455589294,-7699.999999998843,0
761,0,9.999696750193834,-7609.999999999997,1
761,1,-0.00037252530455589294,-7709.999999998714,0
762,0,9.999696750193834,-7619.999999999997,1
762,1,-0.00037252530455589294,-7719.999999998571,0
763,0,9.999696750193834,-7629.999999999997,1
763,1,-0.00037252530455589294,-7729.999999998412,0
764,0,9.999696750193834,-7639.999999999997,1
764,1,-0.00037252530455589294,-7739.999999998236,0
765,0,10.000441800802946,-7649.999999999997,1
765,1,-0.00037252530455589294,-7749.999999998039,0
766,0,9.999696750193834,-7659.999999999997,1
766,1,-0.00037252530455589294,-7759.999999997821,0
767,0,9.999696750193834,-7669.999999999997,1
767,1,-0.00037252530455589294,-7769.999999997579,0
768,0,9.999696750193834,-7679.999999999997,1
768,1,-0.00037252530455589294,-7779.99999999731,0
769,0,10.00193190202117,-7689.999999999997,1
769,1,-0.00037252530455589294,-7789.9999999970105,0
770,0,9.999696750193834,-7699.999999999997,1
770,1,-0.00037252530455589294,-7799.9999999966785,0
771,0,10.109219189733267,-7709.999999999997,1
771,1,-0.00037252530455589294,-7809.999999996309,0
772,0,9.999696750193834,-7719.999999999997,1
772,1,-0.00037252530455589294,-7819.999999995899,0
773,0,10.109219189733267,-7729.999999999997,1
773,1,-0.00037252530455589294,-7829.999999995443,0
774,0,9.999696750193834,-7739.999999999997,1
774,1,-0.00037252530455589294,-7839.999999994937,0
775,0,9.999696750193834,-7749.999999999997,1
775,1,-0.00037252530455589294,-7849.999999994374,0
776,0,9.999696750193834,-7759.999999999997,1
776,1,-0.00037252530455589294,-7859.999999993748,0
777,0,9.999696750193834,-7769.999999999997,1
777,1,-0.00037252530455589294,-7869.999999993053,0
778,0,9.999696750193834,-7779.999999999997,1
778,1,-0.00037252530455589294,-7879.999999992281,0
779,0,10.305912550538778,-7789.999999999997,1
779,1,-0.00037252530455589294,-7889.9999999914235,0
780,0,9.999696750193834,-7799.999999999997,1
780,1,-0.00037252530455589294,-7899.99999999047,0
781,0,10.000441800802946,-7809.999999999997,1
781,1,-0.00037252530455589294,-7909.999999989412,0
782,0,9.999696750193834,-7819.999999999997,1
782,1,-0.00037252530455589294,-7919.999999988235,0
783,0,9.999696750193834,-7829.999999999997,1
783,1,-0.00037252530455589294,-7929.999999986928,0
784,0,9.999696750193834,-7839.999999999997,1
784,1,-0.00037252530455589294,-7939.999999985475,0
785,0,9.999696750193834,-7849.999999999997,1
785,1,-0.00037252530455589294,-7949.999999983861,0
786,0,9.999696750193834,-7859.999999999997,1
786,1,-0.00037252530455589294,-7959.9999999820675,0
787,0,9.999696750193834,-7869.999999999997,1
787,1,-0.00037252530455589294,-7969.999999980075,0
788,0,10.301442246884108,-7879.999999999997,1
788,1,-0.00037252530455589294,-7979.999999977861,0
789,0,9.999696750193834,-7889.999999999997,1
789,1,-0.00037252530455589294,-7989.999999975401,0
790,0,9.999696750193834,-7899.999999999997,1
790,1,-0.00037252530455589294,-7999.999999972668,0
791,0,10.205330718308687,-7909.999999999997,1
791,1,-0.00037252530455589294,-8009.999999969631,0
792,0,9.999696750193834,-7919.999999999997,1
792,1,-0.00037252530455589294,-8019.999999966257,0
793,0,10.311872955411673,-7929.999999999997,1
793,1,-0.00037252530455589294,-8029.999999962508,0
794,0,9.999696750193834,-7939.999999999997,1
794,1,-0.00037252530455589294,-8039.9999999583415,0
795,0,9.999696750193834,-7949.999999999997,1
795,1,-0.00037252530455589294,-8049.999999953712,0
796,0,9.999696750193834,-7959.999999999997,1
796,1,-0.00037252530455589294,-8059.999999948569,0
797,0,9.999696750193834,-7969.999999999997,1
797,1,-0.00037252530455589294,-8069.999999942855,0
798,0,9.999696750193834,-7979.999999999997,1
798,1,-0.00037252530455589294,-8079.999999936505,0
799,0,9.999696750193834,-7989.999999999997,1
799,1,-0.00037252530455589294,-8089.9999999294505,0
800,0,12.207281704992056,-7999.999999999997,1
800,1,-0.00037252530455589294,-8099.999999921612,0
801,0,9.999696750193834,-8009.999999999997,1
801,1,-0.00037252530455589294,-8109.999999912901,0
802,0,9.999696750193834,-8019.999999999997,1
802,1,-0.00037252530455589294,-8119.999999903223,0
803,0,9.999696750193834,-8029.999999999997,1
803,1,-0.00037252530455589294,-8129.99999989247,0
804,0,9.999696750193834,-8039.999999999997,1
804,1,-0.00037252530455589294,-8139.999999880522,0
805,0,9.999696750193834,-8049.999999999997,1
805,1,-0.00037252530455589294,-8149.999999867247,0
806,0,10.00193190202117,-8059.999999999997,1
806,1,-0.00037252530455589294,-8159.999999852497,0
807,0,9.999696750193834,-8069.999999999997,1
807,1,-0.00037252530455589294,-8169.999999836108,0
808,0,54.931463833898306,-8079.999999999997,1
808,1,-0.00037252530455589294,-8179.999999817897,0
809,0,10.000441800802946,-8089.999999999997,1
809,1,-0.00037252530455589294,-8189.999999797664,0
810,0,9.999696750193834,-8099.999999999997,1
810,1,-0.00037252530455589294,-8199.999999775182,0
811,0,97.65564596280456,-8109.999999999997,1
811,1,-0.00037252530455589294,-8209.999999750202,0
812,0,10.681418057531118,-8119.999999999997,1
812,1,-0.00037252530455589294,-8219.999999722446,0
813,0,9.999696750193834,-8129.999999999997,1
813,1,-0.00037252530455589294,-8229.999999691607,0
814,0,10.115179594606161,-8139.999999999997,1
814,1,-0.00037252530455589294,-8239.99999965734,0
815,0,9.999696750193834,-8149.999999999997,1
815,1,-0.00037252530455589294,-8249.999999619267,0
816,0,9.999696750193834,-8159.999999999997,1
816,1,-0.00037252530455589294,-8259.999999576965,0
817,0,9.999696750193834,-8169.999999999997,1
817,1,-0.00037252530455589294,-8269.99999952996,0
818,0,9.999696750193834,-8179.999999999997,1
818,1,-0.00037252530455589294,-8279.999999477734,0
819,0,49.01874219998717,-8189.999999999997,1
819,1,-0.00037252530455589294,-8289.999999419704,0
820,0,9.999696750193834,-8199.999999999989,1
820,1,-0.00037252530455589294,-8299.999999355226,0
821,0,9.999696750193834,-8209.999999999989,1
821,1,-0.00037252530455589294,-8309.999999283584,0
822,0,10.681418057531118,-8219.999999999989,1
822,1,-0.00037252530455589294,-8319.999999203981,0
823,0,10.00193190202117,-8229.999999999989,1
823,1,-0.00037252530455589294,-8329.999999115535,0
824,0,9.999696750193834,-8239.999999999989,1
824,1,-0.00037252530455589294,-8339.99999901726,0
825,0,9.999696750193834,-8249.999999999989,1
825,1,-0.00037252530455589294,-8349.999998908066,0
826,0,9.999696750193834,-8259.999999999989,1
826,1,-0.00037252530455589294,-8359.99999878674,0
827,0,9.999696750193834,-8269.999999999989,1
827,1,-0.00037252530455589294,-8369.999998651932,0
828,0,9.999696750193834,-8279.999999999989,1
828,1,-0.00037252530455589294,-8379.999998502146,0
829,0,9.999696750193834,-8289.999999999989,1
829,1,-0.00037252530455589294,-8389.999998335717,0
830,0,9.999696750193834,-8299.999999999989,1
830,1,-0.00037252530455589294,-8399.999998150797,0
831,0,9.999696750193834,-8309.999999999989,1
831,1,-0.00037252530455589294,-8409.999997945331,0
832,0,9.999696750193834,-8319.999999999989,1
832,1,-0.00037252530455589294,-8419.999997717034,0
833,0,24.46187412366271,-8329.999999999989,1
833,1,-0.00037252530455589294,-8429.999997463372,0
834,0,10.681418057531118,-8339.999999999989,1
834,1,-0.00037252530455589294,-8439.999997181525,0
835,0,9.999696750193834,-8349.999999999989,1
835,1,-0.00037252530455589294,-8449.99999686836,0
836,0,9.999696750193834,-8359.999999999989,1
836,1,-0.00037252530455589294,-8459.9999965204,0
837,0,10.681418057531118,-8369.999999999989,1
837,1,-0.00037252530455589294,-8469.999996133778,0
838,0,9.999696750193834,-8379.999999999989,1
838,1,-0.00037252530455589294,-8479.999995704198,0
839,0,9.999696750193834,-8389.999999999989,1
839,1,-0.00037252530455589294,-8489.999995226888,0
840,0,9.999696750193834,-8399.999999999989,1
840,1,-0.00037252530455589294,-8499.999994696544,0
841,0,24.414935935288668,-8409.999999999989,1
841,1,-0.00037252530455589294,-8509.999994107271,0
842,0,9.999696750193834,-8419.999999999989,1
842,1,-0.00037252530455589294,-8519.999993452522,0
843,0,9.999696750193834,-8429.999999999989,1
843,1,-0.00037252530455589294,-8529.999992725025,0
844,0,9.999696750193834,-8439.999999999989,1
844,1,-0.00037252530455589294,-8539.999991916695,0
845,0,9.999696750193834,-8449.999999999989,1
845,1,-0.00037252530455589294,-8549.99999101855,0
846,0,9.999696750193834,-8459.999999999989,1
846,1,-0.00037252530455589294,-8559.999990020613,0
847,0,9.999696750193834,-8469.999999999989,1
847,1,-0.00037252530455589294,-8569.999988911792,0
848,0,9.999696750193834,-8479.999999999989,1
848,1,-0.00037252530455589294,-8579.999987679768,0
849,0,9.999696750193834,-8489.999999999989,1
849,1,-0.00037252530455589294,-8589.999986310853,0
850,0,9.999696750193834,-8499.999999999989,1
850,1,-0.00037252530455589294,-8599.999984789836,0
851,0,9.999696750193834,-8509.999999999989,1
851,1,-0.00037252530455589294,-8609.999983099817,0
852,0,9.999696750193834,-8519.999999999989,1
852,1,-0.00037252530455589294,-8619.99998122202,0
853,0,9.999696750193834,-8529.999999999989,1
853,1,-0.00037252530455589294,-8629.999979135577,0
854,0,9.999696750193834,-8539.999999999989,1
854,1,-0.00037252530455589294,-8639.999976817307,0
855,0,48.89953410252929,-8549.999999999989,1
855,1,-0.00037252530455589294,-8649.999974241451,0
856,0,9.999696750193834,-8559.999999999989,1
856,1,-0.00037252530455589294,-8659.999971379391,0
857,0,9.999696750193834,-8569.999999999989,1
857,1,-0.00037252530455589294,-8669.999968199325,0
858,0,10.003422003239393,-8579.999999999989,1
858,1,-0.00037252530455589294,-8679.999964665916,0
859,0,9.999696750193834,-8589.999999999989,1
859,1,-0.00037252530455589294,-8689.999960739908,0
860,0,9.999696750193834,-8599.999999999989,1
860,1,-0.00037252530455589294,-8699.999956377676,0
861,0,9.999696750193834,-8609.999999999989,1
861,1,-0.00037252530455589294,-8709.99995153075,0
862,0,9.999696750193834,-8619.999999999989,1
862,1,-0.00037252530455589294,-8719.999946145277,0
863,0,9.999696750193834,-8629.999999999989,1
863,1,-0.00037252530455589294,-8729.999940161419,0
864,0,9.999696750193834,-8639.999999999989,1
864,1,-0.00037252530455589294,-8739.999933512689,0
865,0,9.999696750193834,-8649.999999999989,1
865,1,-0.00037252530455589294,-8749.999926125209,0
866,0,48.87569248303771,-8659.999999999989,1
866,1,-0.00037252530455589294,-8759.999917916899,0
867,0,9.999696750193834,-8669.999999999989,1
867,1,-0.00037252530455589294,-8769.999908796555,0
868,0,48.828009244054556,-8679.999999999989,1
868,1,-0.00037252530455589294,-8779.99989866284,0
869,0,9.999696750193834,-8689.999999999989,1
869,1,-0.00037252530455589294,-8789.999887403155,0
870,0,9.999696750193834,-8699.999999999989,1
870,1,-0.00037252530455589294,-8799.999874892394,0
871,0,10.013852711766958,-8709.999999999989,1
871,1,-0.00037252530455589294,-8809.99986099155,0
872,0,9.999696750193834,-8719.999999999989,1
872,1,-0.00037252530455589294,-8819.999845546166,0
873,0,9.999696750193834,-8729.999999999989,1
873,1,-0.00037252530455589294,-8829.999828384629,0
874,0,48.828009244054556,-8739.999999999989,1
874,1,-0.00037252530455589294,-8839.999809316254,0
875,0,9.999696750193834,-8749.999999999989,1
875,1,-0.00037252530455589294,-8849.999788129171,0
876,0,9.999696750193834,-8759.999999999989,1
876,1,-0.00037252530455589294,-8859.999764587968,0
877,0,9.999696750193834,-8769.999999999989,1
877,1,-0.00037252530455589294,-8869.999738431075,0
878,0,9.999696750193834,-8779.999999999989,1
878,1,-0.00037252530455589294,-8879.999709367861,0
879,0,9.999696750193834,-8789.999999999989,1
879,1,-0.00037252530455589294,-8889.9996770754,0
880,0,9.999696750193834,-8799.999999999989,1
880,1,-0.00037252530455589294,-8899.999641194889,0
881,0,9.999696750193834,-8809.999999999989,1
881,1,-0.00037252530455589294,-8909.999601327654,0
882,0,9.999696750193834,-8819.999999999989,1
882,1,-0.00037252530455589294,-8919.999557030726,0
883,0,9.999696750193834,-8829.999999999989,1
883,1,-0.00037252530455589294,-8929.999507811917,0
884,0,9.999696750193834,-8839.999999999989,1
884,1,-0.00037252530455589294,-8939.999453124354,0
885,0,9.999696750193834,-8849.999999999989,1
885,1,-0.00037252530455589294,-8949.999392360394,0
886,0,9.999696750193834,-8859.999999999989,1
886,1,-0.00037252530455589294,-8959.99932484488,0
887,0,9.999696750193834,-8869.999999999989,1
887,1,-0.00037252530455589294,-8969.999249827644,0
888,0,9.999696750193834,-8879.999999999989,1
888,1,-0.00037252530455589294,-8979.999166475161,0
889,0,9.999696750193834,-8889.999999999989,1
889,1,-0.00037252530455589294,-8989.99907386129,0
890,0,9.999696750193834,-8899.999999999989,1
890,1,-0.00037252530455589294,-8999.998970956989,0
891,0,9.999696750193834,-8909.999999999989,1
891,1,-0.00037252530455589294,-9009.998856618877,0
892,0,12.207281704992056,-8919.999999999989,1
892,1,-0.00037252530455589294,-9019.99872957653,0
893,0,9.999696750193834,-8929.999999999989,1
893,1,-0.00037252530455589294,-9029.998588418366,0
894,0,9.999696750193834,-8939.999999999989,1
894,1,-0.00037252530455589294,-9039.998431575961,0
895,0,9.999696750193834,-8949.999999999989,1
895,1,-0.00037252530455589294,-9049.998257306623,0
896,0,10.681418057531118,-8959.999999999989,1
896,1,-0.00037252530455589294,-9059.998063674024,0
897,0,9.999696750193834,-8969.999999999989,1
897,1,-0.00037252530455589294,-9069.997848526693,0
898,0,10.300697196274996,-8979.999999999989,1
898,1,-0.00037252530455589294,-9079.997609474103,0
899,0,9.999696750193834,-8989.999999999989,1
899,1,-0.00037252530455589294,-9089.997343860114,0
900,0,9.999696750193834,-8999.999999999989,1
900,1,-0.00037252530455589294,-9099.99704873346,0
901,0,10.323793765157461,-9009.999999999989,1
901,1,-0.00037252530455589294,-9109.996720814956,0
902,0,9.999696750193834,-9019.999999999989,1
902,1,-0.00037252530455589294,-9119.99635646106,0
903,0,9.999696750193834,-9029.999999999989,1
903,1,-0.00037252530455589294,-9129.995951623401,0
904,0,10.025773521512747,-9039.999999999989,1
904,1,-0.00037252530455589294,-9139.995501803778,0
905,0,97.65564596280456,-9049.999999999989,1
905,1,-0.00037252530455589294,-9149.995002004198,0
906,0,9.999696750193834,-9059.999999999989,1
906,1,-0.00037252530455589294,-9159.994446671331,0
907,0,9.999696750193834,-9069.999999999989,1
907,1,-0.00037252530455589294,-9169.993829634812,0
908,0,9.999696750193834,-9079.999999999989,1
908,1,-0.00037252530455589294,-9179.993144038679,0
909,0,9.999696750193834,-9089.999999999989,1
909,1,-0.00037252530455589294,-9189.992382265198,0
910,0,9.999696750193834,-9099.999999999989,1
910,1,-0.00037252530455589294,-9199.99153585022,0
911,0,9.999696750193834,-9109.999999999995,1
911,1,-0.00037252530455589294,-9209.990595389134,0
912,0,9.999696750193834,-9119.999999999995,1
912,1,-0.00037252530455589294,-9219.98955043237,0
913,0,9.999696750193834,-9129.999999999995,1
913,1,-0.00037252530455589294,-9229.9883893693,0
914,0,9.999696750193834,-9139.999999999995,1
914,1,-0.00037252530455589294,-9239.987099299222,0
915,0,9.999696750193834,-9149.999999999995,1
915,1,-0.00037252530455589294,-9249.985665888024,0
916,0,9.999696750193834,-9159.999999999995,1
916,1,-0.00037252530455589294,-9259.984073208914,0
917,0,12.207281704992056,-9169.999999999995,1
917,1,-0.00037252530455589294,-9269.98230356546,0
918,0,9.999696750193834,-9179.999999999995,1
918,1,-0.00037252530455589294,-9279.980337294955,0
919,0,9.999696750193834,-9189.999999999995,1
919,1,-0.00037252530455589294,-9289.97815254995,0
920,0,9.999696750193834,-9199.999999999995,1
920,1,-0.00037252530455589294,-9299.9757250555,0
921,0,9.999696750193834,-9209.999999999995,1
921,1,-0.00037252530455589294,-9309.973027839444,0
922,0,9.999696750193834,-9219.999999999995,1
922,1,-0.00037252530455589294,-9319.970030932715,0
923,0,9.999696750193834,-9229.999999999995,1
923,1,-0.00037252530455589294,-9329.96670103635,0
924,0,9.999696750193834,-9239.999999999995,1
924,1,-0.00037252530455589294,-9339.9630011515,0
925,0,9.999696750193834,-9249.999999999995,1
925,1,-0.00037252530455589294,-9349.958890168333,0
926,0,48.828009244054556,-9259.999999999995,1
926,1,-0.00037252530455589294,-9359.954322409258,0
927,0,24.426111694425344,-9269.999999999995,1
927,1,-0.00037252530455589294,-9369.949247121396,0
928,0,10.00193190202117,-9279.999999999995,1
928,1,-0.00037252530455589294,-9379.943607912663,0
929,0,9.999696750193834,-9289.999999999995,1
929,1,-0.00037252530455589294,-9389.93734212518,0
930,0,9.999696750193834,-9299.999999999995,1
930,1,-0.00037252530455589294,-9399.930380139089,0
931,0,9.999696750193834,-9309.999999999995,1
931,1,-0.00037252530455589294,-9409.922644598988,0
932,0,10.013852711766958,-9319.999999999995,1
932,1,-0.00037252530455589294,-9419.91404955443,0
933,0,9.999696750193834,-9329.999999999995,1
933,1,-0.00037252530455589294,-9429.904499504923,0
934,0,9.999696750193834,-9339.999999999995,1
934,1,-0.00037252530455589294,-9439.893888338802,0
935,0,10.681418057531118,-9349.999999999995,1
935,1,-0.00037252530455589294,-9449.882098154223,0
936,0,10.00193190202117,-9359.999999999995,1
936,1,-0.00037252530455589294,-9459.868997949137,0
937,0,9.999696750193834,-9369.999999999995,1
937,1,-0.00037252530455589294,-9469.854442165708,0
938,0,9.999696750193834,-9379.999999999995,1
938,1,-0.00037252530455589294,-9479.838269073009,0
939,0,9.999696750193834,-9389.999999999995,1
939,1,-0.00037252530455589294,-9489.82029897001,0
940,0,9.999696750193834,-9399.999999999995,1
940,1,-0.00037252530455589294,-9499.8003321889,0
941,0,9.999696750193834,-9409.999999999995,1
941,1,-0.00037252530455589294,-9509.778146876555,0
942,0,9.999696750193834,-9419.999999999995,1
942,1,-0.00037252530455589294,-9519.753496529505,0
943,0,9.999696750193834,-9429.999999999995,1
943,1,-0.00037252530455589294,-9529.726107255006,0
944,0,9.999696750193834,-9439.999999999995,1
944,1,-0.00037252530455589294,-9539.695674727785,0
945,0,9.999696750193834,-9449.999999999995,1
945,1,-0.00037252530455589294,-9549.66186080865,0
946,0,9.999696750193834,-9459.999999999995,1
946,1,-0.00037252530455589294,-9559.624289787389,0
947,0,9.999696750193834,-9469.999999999995,1
947,1,-0.00037252530455589294,-9569.58254420821,0
948,0,9.999696750193834,-9479.999999999995,1
948,1,-0.00037252530455589294,-9579.536160231344,0
949,0,97.66756677255034,-9489.999999999995,1
949,1,-0.00037252530455589294,-9589.484622479271,0
950,0,12.207281704992056,-9499.999999999995,1
950,1,-0.00037252530455589294,-9599.4273583103,0
951,0,9.999696750193834,-9509.999999999995,1
951,1,-0.00037252530455589294,-9609.36373145589,0
952,0,9.999696750193834,-9519.999999999995,1
952,1,-0.00037252530455589294,-9619.293034950988,0
953,0,9.999696750193834,-9529.999999999995,1
953,1,-0.00037252530455589294,-9629.214483278874,0
954,0,9.999696750193834,-9539.999999999995,1
954,1,-0.00037252530455589294,-9639.127203643193,0
955,0,9.999696750193834,-9549.999999999995,1
955,1,-0.00037252530455589294,-9649.030226270213,0
956,0,9.999696750193834,-9559.999999999995,1
956,1,-0.00037252530455589294,-9658.922473633571,0
957,0,24.41568098589778,-9569.999999999995,1
957,1,-0.00037252530455589294,-9668.802748481745,0
958,0,9.999696750193834,-9579.999999999995,1
958,1,-0.00037252530455589294,-9678.669720535272,0
959,0,9.999696750193834,-9589.999999999995,1
959,1,-0.00037252530455589294,-9688.521911705857,0
960,0,10.395318623632193,-9599.999999999995,1
960,1,-0.00037252530455589294,-9698.357679673174,0
961,0,9.999696750193834,-9609.999999999995,1
961,1,-0.00037252530455589294,-9708.17519963686,0
962,0,10.013852711766958,-9619.999999999995,1
962,1,-0.00037252530455589294,-9717.972444040955,0
963,0,9.999696750193834,-9629.999999999995,1
963,1,-0.00037252530455589294,-9727.747160045506,0
964,0,9.999696750193834,-9639.999999999995,1
964,1,-0.00037252530455589294,-9737.496844495006,0
965,0,9.999696750193834,-9649.999999999995,1
965,1,-0.00037252530455589294,-9747.218716105563,0
966,0,10.000441800802946,-9659.999999999995,1
966,1,-0.00037252530455589294,-9756.909684561737,0
967,0,9.999696750193834,-9669.999999999995,1
967,1,-0.00037252530455589294,-9766.566316179707,0
968,0,48.828009244054556,-9679.999999999995,1
968,1,-0.00037252530455589294,-9776.18479575523,0
969,0,9.999696750193834,-9689.999999999995,1
969,1,-0.00037252530455589294,-9785.760884172478,0
970,0,12.207281704992056,-9699.999999999995,1
970,1,-0.00037252530455589294,-9795.289871302753,0
971,0,10.109219189733267,-9709.999999999995,1
971,1,-0.00037252530455589294,-9804.766523669727,0
972,0,10.037694331258535,-9719.999999999995,1
972,1,-0.00037252530455589294,-9814.185026299696,0
973,0,48.828009244054556,-9729.999999999995,1
973,1,-0.00037252530455589294,-9823.538918110773,0
974,0,9.999696750193834,-9739.999999999995,1
974,1,-0.00037252530455589294,-9832.821020123081,0
975,0,9.999696750193834,-9749.999999999995,1
975,1,-0.00037252530455589294,-9842.023355692312,0
976,0,9.999696750193834,-9759.999999999995,1
976,1,-0.00037252530455589294,-9851.137061880347,0
977,0,9.999696750193834,-9769.999999999995,1
977,1,-0.00037252530455589294,-9860.152290978163,0
978,0,10.000441800802946,-9779.999999999995,1
978,1,-0.00037252530455589294,-9869.058101086848,0
979,0,9.999696750193834,-9789.999999999995,1
979,1,-0.00037252530455589294,-9877.842334540943,0
980,0,24.414190884679556,-9799.999999999995,1
980,1,-0.00037252530455589294,-9886.49148282327,0
981,0,9.999696750193834,-9809.999999999995,1
981,1,-0.00037252530455589294,-9894.9905364703,0
982,0,9.999696750193834,-9819.999999999995,1
982,1,-0.00037252530455589294,-9903.322818300334,0
983,0,9.999696750193834,-9829.999999999995,1
983,1,-0.00037252530455589294,-9911.469798111482,0
984,0,9.999696750193834,-9839.999999999995,1
984,1,-0.00037252530455589294,-9919.410886790536,0
985,0,9.999696750193834,-9849.999999999995,1
985,1,-0.00037252530455589294,-9927.123207545039,0
986,0,9.999696750193834,-9859.999999999995,1
986,1,-0.00037252530455589294,-9934.58134171671,0
987,0,9.999696750193834,-9869.999999999995,1
987,1,-0.00037252530455589294,-9941.7570463519,0
988,0,9.999696750193834,-9879.999999999995,1
988,1,-0.00037252530455589294,-9948.618940391001,0
989,0,9.999696750193834,-9889.999999999995,1
989,1,-0.00037252530455589294,-9955.13215599,0
990,0,9.999696750193834,-9899.999999999995,1
990,1,-0.00037252530455589294,-9961.2579511,0
991,0,9.999696750193834,-9909.999999999995,1
991,1,-0.00037252530455589294,-9966.953279,0
992,0,9.999696750193834,-9919.999999999995,1
992,1,-0.00037252530455589294,-9972.17031,0
993,0,9.999696750193834,-9929.999999999995,1
993,1,-0.00037252530455589294,-9976.855899999999,0
994,0,9.999696750193834,-9939.999999999995,1
994,1,-0.00037252530455589294,-9980.950999999997,0
995,0,10.000441800802946,-9949.999999999995,1
995,1,-0.00037252530455589294,-9984.389999999996,0
996,0,9.999696750193834,-9959.999999999995,1
996,1,-0.00037252530455589294,-9987.099999999995,0
997,0,9.999696750193834,-9969.999999999995,1
997,1,-0.00037252530455589294,-9988.999999999995,0
998,0,9.999696750193834,-9979.999999999995,1
998,1,-0.00037252530455589294,-9989.999999999995,0
999,0,-0.00037252530455589294,-9989.999999999995,0
999,1,-0.00037252530455589294,-9989.999999999995,0
